Year,CPU Designer,CPU Family,CPU Model,CPU,Processor Code Name,TDP,Transistors (mln),Die size mmË†2,Processor Clock [MHz],Cores,FP32,GFLOPS(FP32)
2013,Intel,Celeron,N2805,Intel Celeron N2805,Bay Trail,4.3,,,1460,2,3,8.76
2014,Intel,Celeron,N2808,Intel Celeron N2808,Bay Trail,4.5,,,1580,2,3,9.48
2013,Intel,Celeron,N2806,Intel Celeron N2806,Bay Trail,4.5,,,1600,2,3,9.6
2013,Intel,Celeron,N2815,Intel Celeron N2815,Bay Trail,7.5,,,1860,2,3,11.16
2013,Intel,Celeron,N2810,Intel Celeron N2810,Bay Trail,7.5,,,2000,2,3,12
2013,Intel,Celeron,N2820,Intel Celeron N2820,Bay Trail,7.5,,,2130,2,3,12.78
2014,Intel,Celeron,N2830,Intel Celeron N2830,Bay Trail,7.5,,,2160,2,3,12.96
2014,Intel,Celeron,N2840,Intel Celeron N2840,Bay Trail,7.5,,,2160,2,3,12.96
,Intel,Celeron,N2820,Intel Celeron N2820,Bay Trail,7.5,,,2400,2,3,14.4
2013,Intel,Celeron,J1750,Intel Celeron J1750,Bay Trail,10,,,2410,2,3,14.46
2013,Intel,Celeron,J1800,Intel Celeron J1800,Bay Trail,10,,,2410,2,3,14.46
2014,Intel,Atom,Z3735D,Intel Atom Z3735D,Bay Trail,,,,1330,4,3,15.96
2014,Intel,Atom,Z3735E,Intel Atom Z3735E,Bay Trail,,,,1330,4,3,15.96
2014,Intel,Atom,Z3735F,Intel Atom Z3735F,Bay Trail,,,,1330,4,3,15.96
2014,Intel,Atom,Z3735G,Intel Atom Z3735G,Bay Trail,,,,1330,4,3,15.96
2014,Intel,Atom,Z3736F,Intel Atom Z3736F,Bay Trail,,,,1330,4,3,15.96
2014,Intel,Atom,Z3736G,Intel Atom Z3736G,Bay Trail,,,,1330,4,3,15.96
2013,Intel,Atom,Z3740,Intel Atom Z3740,Bay Trail,,,,1330,4,3,15.96
2013,Intel,Atom,Z3740D,Intel Atom Z3740D,Bay Trail,,,,1330,4,3,15.96
2014,Intel,Atom,Z3745,Intel Atom Z3745,Bay Trail,,,,1330,4,3,15.96
2014,Intel,Atom,Z3745D,Intel Atom Z3745D,Bay Trail,,,,1330,4,3,15.96
2013,Intel,Atom,Z3770,Intel Atom Z3770,Bay Trail,,,,1460,4,3,17.52
2014,Intel,Atom,Z3775,Intel Atom Z3775,Bay Trail,,,,1460,4,3,17.52
2014,Intel,Atom,Z3775D,Intel Atom Z3775D,Bay Trail,,,,1490,4,3,17.88
2014,Intel,Atom,Z3785,Intel Atom Z3785,Bay Trail,,,,1490,4,3,17.88
2013,Intel,Atom,Z3770D,Intel Atom Z3770D,Bay Trail,,,,1500,4,3,18
2014,Intel,Atom,Z3795,Intel Atom Z3795,Bay Trail,,,,1590,4,3,19.08
2013,Intel,Celeron,N2910,Intel Celeron N2910,Bay Trail,7.5,,,1600,4,3,19.2
2014,Intel,Celeron,N2940,Intel Celeron N2940,Bay Trail,7.5,,,1830,4,3,21.96
2013,Intel,Celeron,J1850,Intel Celeron J1850,Bay Trail,10,,,2000,4,3,24
2013,Intel,Pentium,N3510,Intel Pentium N3510,Bay Trail,7.5,,,2000,4,3,24
2014,Intel,Pentium,N3530,Intel Pentium N3530,Bay Trail,7.5,,,2160,4,3,25.92
2014,Intel,Pentium,N3540,Intel Pentium N3540,Bay Trail,7.5,,,2160,4,3,25.92
2013,Intel,Pentium,N3520,Intel Pentium N3520,Bay Trail,7.5,,,2166,4,3,25.992
2013,Intel,Pentium,J2850,Intel Pentium J2850,Bay Trail,10,,,2410,4,3,28.92
2013,Intel,Pentium,J2900,Intel Pentium J2900,Bay Trail,10,,,2410,4,3,28.92
,Intel,Celeron M,523,Intel Celeron M 523,Merom,5.5,291,143,930,1,8,7.44
,Intel,Core 2 Solo,U2100,Intel Core 2 Solo U2100,Merom,5.5,291,143,1060,1,8,8.48
,Intel,Core 2 Solo,SU3300,Intel Core 2 Solo SU3300,Penryn,5.5,410,107,1200,1,8,9.6
,Intel,Core 2 Solo,U2200,Intel Core 2 Solo U2200,Merom,5.5,291,143,1200,1,8,9.6
,Intel,Celeron,743,Intel Celeron 743,Penryn,10,410,107,1300,1,8,10.4
,Intel,Celeron M,743,Intel Celeron M 743,Penryn,10,410,107,1300,1,8,10.4
2009,Intel,Pentium,SU2700,Intel Pentium SU2700,Penryn,10,410,107,1300,1,8,10.4
2009,Intel,Core2,SU3500,Intel Core2 SU3500,Penryn,5.5,410,107,1300,1,8,10.4
2011,Intel,Celeron,763,Intel Celeron 763,Penryn,10,410,107,1400,1,8,11.2
2009,Intel,Core 2 Solo,SU3500,Intel Core 2 Solo SU3500,Penryn,5.5,410,107,1400,1,8,11.2
,Intel,Celeron M,520,Intel Celeron M 520,Merom,30,291,143,1600,1,8,12.8
,Intel,Core2,SL3400,Intel Core2 SL3400,Penryn,17,410,107,1860,1,8,14.88
2010,Intel,Core i7,i7-620UM,Intel Core i7 i7-620UM,Arrandale,18,382,81,1060,2,8,16.96
2010,Intel,Celeron,U3400,Intel Celeron U3400,Arrandale,18,382,81,1060,2,8,16.96
2008,Intel,Celeron,560,Intel Celeron 560,Merom,31,291,143,2130,1,8,17.04
2010,Intel,Core i5,i5-520UM,Intel Core i5 i5-520UM,Arrandale,18,382,81,1066,2,8,17.056
2008,Intel,Celeron,585,Intel Celeron 585,Merom,31,291,143,2160,1,8,17.28
2009,Intel,Celeron,900,Intel Celeron 900,Penryn,35,410,107,2200,1,8,17.6
2008,Intel,Celeron,570,Intel Celeron 570,Merom,31,291,143,2260,1,8,18.08
2011,Intel,Celeron,925,Intel Celeron 925,Penryn,35,410,107,2300,1,8,18.4
2010,Intel,Core i3,i3-330UM,Intel Core i3 i3-330UM,Arrandale,18,382,81,1200,2,8,19.2
2010,Intel,Core i5,i5-430UM,Intel Core i5 i5-430UM,Arrandale,18,382,81,1200,2,8,19.2
2010,Intel,Core i5,i5-540UM,Intel Core i5 i5-540UM,Arrandale,18,382,81,1200,2,8,19.2
2010,Intel,Core i7,i7-640UM,Intel Core i7 i7-640UM,Arrandale,18,382,81,1200,2,8,19.2
2009,Intel,Celeron,SU2300,Intel Celeron SU2300,Penryn,10,410,107,1200,2,8,19.2
2011,Intel,Celeron,U3600,Intel Celeron U3600,Arrandale,18,382,81,1200,2,8,19.2
2010,Intel,Pentium,U5400,Intel Pentium U5400,Arrandale,18,382,81,1200,2,8,19.2
,Intel,Core 2 Duo,U7600,Intel Core 2 Duo U7600,Merom,10,291,143,1200,2,8,19.2
,Intel,Core 2 Solo,SU3500,Intel Core 2 Solo SU3500,Penryn,5.5,410,107,1300,2,8,20.8
2009,Intel,Pentium,SU4100,Intel Pentium SU4100,Penryn,10,410,107,1300,2,8,20.8
,Intel,Core2,SU7300,Intel Core2 SU7300,Penryn,10,410,107,1300,2,8,20.8
2010,Intel,Core i3,i3-380UM,Intel Core i3 i3-380UM,Arrandale,18,382,81,1330,2,8,21.28
2010,Intel,Core i5,i5-470UM,Intel Core i5 i5-470UM,Arrandale,18,382,81,1330,2,8,21.28
2010,Intel,Core i5,i5-560UM,Intel Core i5 i5-560UM,Arrandale,18,382,81,1330,2,8,21.28
2010,Intel,Core i7,i7-660UM,Intel Core i7 i7-660UM,Arrandale,18,382,81,1330,2,8,21.28
,Intel,Core 2 Duo,L7200,Intel Core 2 Duo L7200,Merom,17,291,143,1330,2,8,21.28
2011,Intel,Pentium,U5600,Intel Pentium U5600,Arrandale,18,382,81,1330,2,8,21.28
,Intel,Core 2 Duo,U7700,Intel Core 2 Duo U7700,Merom,10,291,143,1330,2,8,21.28
,Intel,Core 2 Duo,L7300,Intel Core 2 Duo L7300,Merom,17,291,143,1400,2,8,22.4
2008,Intel,Core 2 Duo,SU9400,Intel Core 2 Duo SU9400,Penryn,10,410,107,1400,2,8,22.4
,Intel,Core 2 Duo,T5270,Intel Core 2 Duo T5270,Merom,35,291,143,1400,2,8,22.4
,Intel,Core2,T5270,Intel Core2 T5270,Merom,35,291,143,1400,2,8,22.4
2010,Intel,Core i7,i7-680UM,Intel Core i7 i7-680UM,Arrandale,18,382,81,1460,2,8,23.36
,Intel,Core 2 Duo,T5250,Intel Core 2 Duo T5250,Merom,35,291,143,1500,2,8,24
,Intel,Core2,T5250,Intel Core2 T5250,Merom,35,291,143,1500,2,8,24
,Intel,Core 2 Duo,SL9300,Intel Core 2 Duo SL9300,Penryn,17,410,107,1600,2,8,25.6
,Intel,Core 2 Duo,SU9600,Intel Core 2 Duo SU9600,Penryn,10,410,107,1600,2,8,25.6
,Intel,Core 2 Duo,T5200,Intel Core 2 Duo T5200,Merom,34,291,143,1600,2,8,25.6
,Intel,Core2,T5200,Intel Core2 T5200,Merom,34,291,143,1600,2,8,25.6
,Intel,Core 2 Duo,T5470,Intel Core 2 Duo T5470,Merom,35,291,143,1600,2,8,25.6
,Intel,Core2,T5470,Intel Core2 T5470,Merom,35,291,143,1600,2,8,25.6
2008,Intel,Celeron,T1600,Intel Celeron T1600,Merom,35,291,143,1660,2,8,26.56
,Intel,Core 2 Duo,T5450,Intel Core 2 Duo T5450,Merom,35,291,143,1660,2,8,26.56
,Intel,Core2,T5450,Intel Core2 T5450,Merom,35,291,143,1660,2,8,26.56
,Intel,Core2,T5500,Intel Core2 T5500,Merom,34,291,143,1660,2,8,26.56
2008,Intel,Pentium,T2370,Intel Pentium T2370,Merom,35,291,143,1730,2,8,27.68
,Intel,Core 2 Duo,T5300,Intel Core 2 Duo T5300,Merom,34,291,143,1730,2,8,27.68
,Intel,Core2,T5300,Intel Core2 T5300,Merom,34,291,143,1730,2,8,27.68
,Intel,Core 2 Duo,L7700,Intel Core 2 Duo L7700,Merom,17,291,143,1800,2,8,28.8
2009,Intel,Celeron,T3000,Intel Celeron T3000,Penryn,35,410,107,1800,2,8,28.8
,Intel,Core 2 Duo,T5670,Intel Core 2 Duo T5670,Merom,35,291,143,1800,2,8,28.8
2008,Intel,Core 2 Duo,T7100,Intel Core 2 Duo T7100,Merom,35,291,143,1800,2,8,28.8
2008,Intel,Celeron,T1700,Intel Celeron T1700,Merom,35,291,143,1830,2,8,29.28
,Intel,Core 2 Duo,T5550,Intel Core 2 Duo T5550,Merom,35,291,143,1830,2,8,29.28
,Intel,Core2,T5550,Intel Core2 T5550,Merom,35,291,143,1830,2,8,29.28
,Intel,Core 2 Duo,T5600,Intel Core 2 Duo T5600,Merom,34,291,143,1830,2,8,29.28
,Intel,Core2,T5600,Intel Core2 T5600,Merom,34,291,143,1830,2,8,29.28
2009,Intel,Xeon,E5502,Intel Xeon E5502,Nehalem EP,80,,263,1860,2,8,29.76
2010,Intel,Pentium,P6000,Intel Pentium P6000,Arrandale,35,382,81,1860,2,8,29.76
,Intel,Pentium,T2390,Intel Pentium T2390,Merom,35,291,143,1860,2,8,29.76
2010,Intel,Xeon,E5503,Intel Xeon E5503,Nehalem EP,80,,263,2000,2,8,32
2010,Intel,Core i7,i7-620LM,Intel Core i7 i7-620LM,Arrandale,25,382,81,2000,2,8,32
2010,Intel,Celeron,P4600,Intel Celeron P4600,Arrandale,35,382,81,2000,2,8,32
2010,Intel,Pentium,P6100,Intel Pentium P6100,Arrandale,35,382,81,2000,2,8,32
,Intel,Core 2 Duo,P7350,Intel Core 2 Duo P7350,Penryn,25,410,107,2000,2,8,32
2008,Intel,Core2,P7350,Intel Core2 P7350,Penryn,25,410,107,2000,2,8,32
,Intel,Core 2 Duo,P7370,Intel Core 2 Duo P7370,Penryn,25,410,107,2000,2,8,32
2008,Intel,Core2,P7370,Intel Core2 P7370,Penryn,25,410,107,2000,2,8,32
,Intel,Pentium,T3200,Intel Pentium T3200,Merom,35,291,143,2000,2,8,32
2010,Intel,Celeron,T3300,Intel Celeron T3300,Penryn,35,410,107,2000,2,8,32
2009,Intel,Pentium,T4200,Intel Pentium T4200,Penryn,35,410,107,2000,2,8,32
,Intel,Core 2 Duo,T5750,Intel Core 2 Duo T5750,Merom,35,291,143,2000,2,8,32
2008,Intel,Core2,T5750,Intel Core2 T5750,Merom,35,291,143,2000,2,8,32
,Intel,Core 2 Duo,T5800,Intel Core 2 Duo T5800,Merom,35,291,143,2000,2,8,32
,Intel,Core 2 Duo,T5870,Intel Core 2 Duo T5870,Merom,35,291,143,2000,2,8,32
,Intel,Core 2 Duo,T6400,Intel Core 2 Duo T6400,Penryn,35,410,107,2000,2,8,32
,Intel,Core 2 Duo,T7250,Intel Core 2 Duo T7250,Merom,35,291,143,2000,2,8,32
,Intel,Core 2 Duo,T7300,Intel Core 2 Duo T7300,Merom,35,291,143,2000,2,8,32
2010,Intel,Celeron,T3500,Intel Celeron T3500,Penryn,35,410,107,2100,2,8,33.6
,Intel,Pentium,T4300,Intel Pentium T4300,Penryn,35,410,107,2100,2,8,33.6
,Intel,Core 2 Duo,T6500,Intel Core 2 Duo T6500,Penryn,35,410,107,2100,2,8,33.6
2009,Intel,Core2,T6570,Intel Core2 T6570,Penryn,35,410,107,2100,2,8,33.6
,Intel,Core 2 Duo,T8100,Intel Core 2 Duo T8100,Penryn,35,410,107,2100,2,8,33.6
2010,Intel,Core i3,330M,Intel Core i3 330M,Arrandale,35,382,81,2130,2,8,34.08
2010,Intel,Core i3,i3-330M,Intel Core i3 i3-330M,Arrandale,35,382,81,2130,2,8,34.08
2010,Intel,Core i7,i7-640LM,Intel Core i7 i7-640LM,Arrandale,25,382,81,2130,2,8,34.08
2010,Intel,Pentium,P6200,Intel Pentium P6200,Arrandale,35,382,81,2130,2,8,34.08
,Intel,Core 2 Duo,P7450,Intel Core 2 Duo P7450,Penryn,25,410,107,2130,2,8,34.08
2009,Intel,Core2,P7450,Intel Core2 P7450,Penryn,25,410,107,2130,2,8,34.08
,Intel,Core 2 Duo,SL9600,Intel Core 2 Duo SL9600,Penryn,17,410,107,2130,2,8,34.08
2008,Intel,Pentium,T3400,Intel Pentium T3400,Merom,35,291,143,2160,2,8,34.56
2009,Intel,Pentium,T4400,Intel Pentium T4400,Penryn,35,410,107,2200,2,8,35.2
,Intel,Core 2 Duo,T6600,Intel Core 2 Duo T6600,Penryn,35,410,107,2200,2,8,35.2
,Intel,Core 2 Duo,T6670,Intel Core 2 Duo T6670,Penryn,35,410,107,2200,2,8,35.2
2009,Intel,Core2,T6670,Intel Core2 T6670,Penryn,35,410,107,2200,2,8,35.2
2010,Intel,Core i3,i3-350M,Intel Core i3 i3-350M,Arrandale,35,382,81,2260,2,8,36.16
2010,Intel,Core i5,i5-430M,Intel Core i5 i5-430M,Arrandale,35,382,81,2260,2,8,36.16
2010,Intel,Core i7,i7-660LM,Intel Core i7 i7-660LM,Arrandale,25,382,81,2260,2,8,36.16
2010,Intel,Xeon,L3406,Intel Xeon L3406,Clarkdale,30,382,81,2260,2,8,36.16
,Intel,Core 2 Duo,P7550,Intel Core 2 Duo P7550,Penryn,25,410,107,2260,2,8,36.16
2009,Intel,Core2,P7550,Intel Core2 P7550,Penryn,25,410,107,2260,2,8,36.16
,Intel,Core 2 Duo,P7570,Intel Core 2 Duo P7570,Penryn,25,410,107,2260,2,8,36.16
2009,Intel,Core2,P7570,Intel Core2 P7570,Penryn,25,410,107,2260,2,8,36.16
,Intel,Celeron,G1101,Intel Celeron G1101,Clarkdale,,,,2267,2,8,36.272
2011,Intel,Pentium,P6300,Intel Pentium P6300,Arrandale,35,382,81,2270,2,8,36.32
2010,Intel,Pentium,T4500,Intel Pentium T4500,Penryn,35,410,107,2300,2,8,36.8
2010,Intel,Core i5,520,Intel Core i5 520,Clarkdale,35,381,81,2400,2,8,38.4
2010,Intel,Core i3,i3-370M,Intel Core i3 i3-370M,Arrandale,35,382,81,2400,2,8,38.4
2010,Intel,Core i5,i5-450M,Intel Core i5 i5-450M,Arrandale,35,382,81,2400,2,8,38.4
2008,Intel,Core 2 Duo,P8600,Intel Core 2 Duo P8600,Penryn,25,410,107,2400,2,8,38.4
,Intel,Core 2 Duo,SP9400,Intel Core 2 Duo SP9400,Penryn,25,410,107,2400,2,8,38.4
2008,Intel,Core2,SP9400,Intel Core2 SP9400,Penryn,25,410,107,2400,2,8,38.4
,Intel,Core 2 Duo,T8300,Intel Core 2 Duo T8300,Penryn,35,410,107,2400,2,8,38.4
2009,Intel,Xeon,W3503,Intel Xeon W3503,Bloomfield,130,,,2400,2,8,38.4
,Intel,Core 2 Duo,T9300,Intel Core 2 Duo T9300,Penryn,35,410,107,2500,2,8,40
2010,Intel,Core i3,380M,Intel Core i3 380M,Arrandale,35,382,81,2530,2,8,40.48
2010,Intel,Core i5,460M,Intel Core i5 460M,Arrandale,35,177,81,2530,2,8,40.48
2010,Intel,Core i3,i3-380M,Intel Core i3 i3-380M,Arrandale,35,382,81,2530,2,8,40.48
2010,Intel,Core i5,i5-460M,Intel Core i5 i5-460M,Arrandale,35,382,81,2530,2,8,40.48
2010,Intel,Core i5,i5-540M,Intel Core i5 i5-540M,Arrandale,35,382,81,2530,2,8,40.48
,Intel,Core 2 Duo,P8700,Intel Core 2 Duo P8700,Penryn,25,410,107,2530,2,8,40.48
,Intel,Core 2 Duo,P9500,Intel Core 2 Duo P9500,Penryn,25,410,107,2530,2,8,40.48
,Intel,Core 2 Duo,SP9600,Intel Core 2 Duo SP9600,Penryn,25,410,107,2530,2,8,40.48
2009,Intel,Core2,SP9600,Intel Core2 SP9600,Penryn,25,410,107,2530,2,8,40.48
2009,Intel,Xeon,W3505,Intel Xeon W3505,Bloomfield,130,,,2530,2,8,40.48
2010,Intel,Core i7,610,Intel Core i7 610,Arrandale,35,382,81,2533,2,8,40.528
2008,Intel,Core 2 Duo,T9400,Intel Core 2 Duo T9400,Penryn,35,410,107,2533,2,8,40.528
2008,Intel,Core 2 Duo,T9500,Intel Core 2 Duo T9500,Penryn,35,410,107,2600,2,8,41.6
,Intel,Core 2 Extreme,X7800,Intel Core 2 Extreme X7800,Merom,44,291,143,2600,2,8,41.6
2011,Intel,Core i3,i3-390M,Intel Core i3 i3-390M,Arrandale,35,382,81,2660,2,8,42.56
2011,Intel,Core i5,i5-480M,Intel Core i5 i5-480M,Arrandale,35,382,81,2660,2,8,42.56
2010,Intel,Core i5,i5-560M,Intel Core i5 i5-560M,Arrandale,35,382,81,2660,2,8,42.56
2010,Intel,Core i5,i5-580M,Intel Core i5 i5-580M,Arrandale,35,382,81,2660,2,8,42.56
,Intel,Core 2 Duo,P8800,Intel Core 2 Duo P8800,Penryn,25,410,107,2660,2,8,42.56
,Intel,Core 2 Duo,P9600,Intel Core 2 Duo P9600,Penryn,25,410,107,2660,2,8,42.56
,Intel,Core 2 Duo,T9550,Intel Core 2 Duo T9550,Penryn,35,410,107,2660,2,8,42.56
2010,Intel,Core i5,560M,Intel Core i5 560M,Arrandale,35,177,81,2667,2,8,42.672
2010,Intel,Pentium,G6950,Intel Pentium G6950,Clarkdale,73,382,81,2800,2,8,44.8
2011,Intel,Pentium,G6951,Intel Pentium G6951,Clarkdale,73,382,81,2800,2,8,44.8
2010,Intel,Core i7,i7-640M,Intel Core i7 i7-640M,Arrandale,35,382,81,2800,2,8,44.8
,Intel,Core 2 Duo,P9700,Intel Core 2 Duo P9700,Penryn,28,410,107,2800,2,8,44.8
,Intel,Core 2 Duo,T9600,Intel Core 2 Duo T9600,Penryn,35,410,107,2800,2,8,44.8
2008,Intel,Core 2 Extreme,X9000,Intel Core 2 Extreme X9000,Penryn,44,410,107,2800,2,8,44.8
2010,Intel,Core i3,i3-530,Intel Core i3 i3-530,Clarkdale,73,382,81,2930,2,8,46.88
,Intel,Core 2 Duo,T9800,Intel Core 2 Duo T9800,Penryn,35,410,107,2930,2,8,46.88
2010,Intel,Core i3,530,Intel Core i3 530,Clarkdale,73,382,81,2933,2,8,46.928
2011,Intel,Pentium,G6960,Intel Pentium G6960,Clarkdale,73,382,81,2933,2,8,46.928
2009,Intel,Core 2 Duo,T9900,Intel Core 2 Duo T9900,Penryn,35,410,107,3060,2,8,48.96
,Intel,Core 2 Extreme,X9100,Intel Core 2 Extreme X9100,Penryn,44,410,107,3060,2,8,48.96
2010,Intel,Core i3,540,Intel Core i3 540,Clarkdale,73,382,81,3067,2,8,49.072
2011,Intel,Xeon,E5603,Intel Xeon E5603,Westmere EP,80,,,1600,4,8,51.2
2010,Intel,Core i3,550,Intel Core i3 550,Clarkdale,73,382,81,3200,2,8,51.2
2010,Intel,Core i5,650,Intel Core i5 650,Clarkdale,73,382,81,3200,2,8,51.2
2010,Intel,Core i3,i3-550,Intel Core i3 i3-550,Clarkdale,73,382,81,3200,2,8,51.2
2010,Intel,Core i5,i5-650,Intel Core i5 i5-650,Clarkdale,73,382,81,3200,2,8,51.2
2010,Intel,Core i5,i5-655K,Intel Core i5 i5-655K,Clarkdale,73,382,81,3200,2,8,51.2
2010,Intel,Core i3,i3-560,Intel Core i3 i3-560,Clarkdale,73,382,81,3330,2,8,53.28
2010,Intel,Core i5,i5-661,Intel Core i5 i5-661,Clarkdale,87,382,81,3330,2,8,53.28
2010,Intel,Core i3,560,Intel Core i3 560,Clarkdale,73,382,81,3333,2,8,53.328
2010,Intel,Core i5,660,Intel Core i5 660,Clarkdale,73,382,81,3333,2,8,53.328
2010,Intel,Core i5,661,Intel Core i5 661,Clarkdale,87,382,81,3333,2,8,53.328
2010,Intel,Core i5,i5-670,Intel Core i5 i5-670,Clarkdale,73,382,81,3460,2,8,55.36
2010,Intel,Core i5,670,Intel Core i5 670,Clarkdale,73,382,81,3467,2,8,55.472
2010,Intel,Core i5,680,Intel Core i5 680,Clarkdale,73,382,81,3600,2,8,57.6
2010,Intel,Core i5,i5-680,Intel Core i5 i5-680,Clarkdale,73,382,81,3600,2,8,57.6
2009,Intel,Xeon,L3426,Intel Xeon L3426,Lynnfield,45,774,296,1860,4,8,59.52
2010,Intel,Xeon,L5609,Intel Xeon L5609,Westmere EP,40,,,1860,4,8,59.52
,Intel,Core 2 Quad,Q9000,Intel Core 2 Quad Q9000,Penryn,45,410,107,2000,4,8,64
2009,Intel,Core2,Q9000,Intel Core2 Q9000,Penryn,45,410,107,2000,4,8,64
2009,Intel,Xeon,E5506,Intel Xeon E5506,Nehalem EP,80,,263,2130,4,8,68.16
2011,Intel,Xeon,E5606,Intel Xeon E5606,Westmere EP,80,,,2130,4,8,68.16
2009,Intel,Xeon,L5506,Intel Xeon L5506,Nehalem EP,60,,,2130,4,8,68.16
2010,Intel,Xeon,L5630,Intel Xeon L5630,Westmere EP,40,,,2130,4,8,68.16
2010,Intel,Xeon,E5507,Intel Xeon E5507,Nehalem EP,80,,263,2260,4,8,72.32
2009,Intel,Xeon,E5520,Intel Xeon E5520,Nehalem EP,80,731,263,2260,4,8,72.32
2011,Intel,Xeon,E5607,Intel Xeon E5607,Westmere EP,80,,,2260,4,8,72.32
2009,Intel,Xeon,L5520,Intel Xeon L5520,Nehalem EP,60,731,263,2260,4,8,72.32
,Intel,Core 2 Quad,Q9100,Intel Core 2 Quad Q9100,Penryn,45,820,214,2260,4,8,72.32
2008,Intel,Core2,Q9100,Intel Core2 Q9100,Penryn,45,820,214,2260,4,8,72.32
2009,Intel,Xeon,E5530,Intel Xeon E5530,Nehalem EP,80,731,263,2400,4,8,76.8
2010,Intel,Core i5,i5-750S,Intel Core i5 i5-750S,Lynnfield,82,774,296,2400,4,8,76.8
2009,Intel,Xeon,L5530,Intel Xeon L5530,Nehalem EP,60,731,263,2400,4,8,76.8
2009,Intel,Xeon,X3430,Intel Xeon X3430,Lynnfield,95,774,296,2400,4,8,76.8
2010,Intel,Xeon,E5620,Intel Xeon E5620,Westmere EP,80,,,2400,4,8,76.8
2010,Intel,Xeon,E5630,Intel Xeon E5630,Westmere EP,80,,,2530,4,8,80.96
2010,Intel,Core i7,i7-860S,Intel Core i7 i7-860S,Lynnfield,82,774,296,2530,4,8,80.96
,Intel,Core 2 Extreme,QX9300,Intel Core 2 Extreme QX9300,Penryn,45,820,214,2530,4,8,80.96
2009,Intel,Xeon,X3440,Intel Xeon X3440,Lynnfield,95,774,296,2530,4,8,80.96
2010,Intel,Core i7,i7-870S,Intel Core i7 i7-870S,Lynnfield,82,774,296,2660,4,8,85.12
2008,Intel,Core i7,i7-920,Intel Core i7 i7-920,Bloomfield,130,731,263,2660,4,8,85.12
2009,Intel,Xeon,W3520,Intel Xeon W3520,Bloomfield,130,731,263,2660,4,8,85.12
2009,Intel,Core i5,750,Intel Core i5 750,Lynnfield,95,774,296,2667,4,8,85.344
2008,Intel,Core i7,920,Intel Core i7 920,Bloomfield,130,731,263,2667,4,8,85.344
2009,Intel,Xeon,X3450,Intel Xeon X3450,Lynnfield,95,774,296,2667,4,8,85.344
2009,Intel,Core i7,860,Intel Core i7 860,Lynnfield,95,774,296,2800,4,8,89.6
2010,Intel,Core i5,i5-760,Intel Core i5 i5-760,Lynnfield,95,774,296,2800,4,8,89.6
2010,Intel,Core i7,i7-930,Intel Core i7 i7-930,Bloomfield,130,731,263,2800,4,8,89.6
2010,Intel,Xeon,W3530,Intel Xeon W3530,Bloomfield,130,731,263,2800,4,8,89.6
2009,Intel,Xeon,X3460,Intel Xeon X3460,Lynnfield,95,774,296,2800,4,8,89.6
2009,Intel,Xeon,X5560,Intel Xeon X5560,Nehalem EP,95,731,263,2800,4,8,89.6
2009,Intel,Core i7,i7-870,Intel Core i7 i7-870,Lynnfield,95,774,296,2930,4,8,93.76
2010,Intel,Core i7,i7-875K,Intel Core i7 i7-875K,Lynnfield,95,774,296,2930,4,8,93.76
2008,Intel,Core i7,i7-940,Intel Core i7 i7-940,Bloomfield,130,731,263,2930,4,8,93.76
2009,Intel,Xeon,W3540,Intel Xeon W3540,Bloomfield,130,731,263,2930,4,8,93.76
2009,Intel,Xeon,X3470,Intel Xeon X3470,Lynnfield,95,774,296,2930,4,8,93.76
2009,Intel,Xeon,X5570,Intel Xeon X5570,Nehalem EP,95,731,263,2930,4,8,93.76
2011,Intel,Xeon,X5647,Intel Xeon X5647,Westmere EP,130,,,2930,4,8,93.76
2009,Intel,Core i7,870,Intel Core i7 870,Lynnfield,95,774,296,2933,4,8,93.856
2008,Intel,Core i7,940,Intel Core i7 940,Bloomfield,130,731,263,2933,4,8,93.856
2009,Intel,Core i7,950,Intel Core i7 950,Bloomfield,130,731,263,3060,4,8,97.92
2010,Intel,Core i7,i7-880,Intel Core i7 i7-880,Lynnfield,95,774,296,3060,4,8,97.92
2009,Intel,Core i7,i7-950,Intel Core i7 i7-950,Bloomfield,130,731,263,3060,4,8,97.92
2009,Intel,Xeon,W3550,Intel Xeon W3550,Bloomfield,130,731,263,3060,4,8,97.92
2010,Intel,Xeon,X3480,Intel Xeon X3480,Lynnfield,95,774,296,3060,4,8,97.92
2010,Intel,Xeon,X5667,Intel Xeon X5667,Westmere EP,95,,,3060,4,8,97.92
2008,Intel,Core i7,965,Intel Core i7 965,Bloomfield,130,731,263,3200,4,8,102.4
2008,Intel,Core i7,965X,Intel Core i7 965X,Gulftown,130,731,263,3200,4,8,102.4
2009,Intel,Core i7,i7-960,Intel Core i7 i7-960,Bloomfield,130,731,263,3200,4,8,102.4
,Intel,Core i7,i7-965,Intel Core i7 i7-965,Bloomfield,130,731,263,3200,4,8,102.4
2008,Intel,Core i7 Extreme,i7-965,Intel Core i7 Extreme i7-965,Bloomfield,130,731,263,3200,4,8,102.4
2009,Intel,Xeon,W3565,Intel Xeon W3565,Bloomfield,130,731,263,3200,4,8,102.4
2009,Intel,Xeon,W3570,Intel Xeon W3570,Bloomfield,130,731,263,3200,4,8,102.4
2009,Intel,Xeon,W5580,Intel Xeon W5580,Nehalem EP,130,731,263,3200,4,8,102.4
2011,Intel,Xeon,X5672,Intel Xeon X5672,Westmere EP,95,,,3200,4,8,102.4
,Intel,Core i7,i7-975,Intel Core i7 i7-975,Bloomfield,130,731,263,3330,4,8,106.56
2009,Intel,Core i7 Extreme,i7-975,Intel Core i7 Extreme i7-975,Bloomfield,130,731,263,3330,4,8,106.56
2009,Intel,Xeon,W3580,Intel Xeon W3580,Bloomfield,130,731,263,3330,4,8,106.56
2009,Intel,Xeon,W5590,Intel Xeon W5590,Nehalem EP,130,731,263,3330,4,8,106.56
2009,Intel,Core i7,975,Intel Core i7 975,Bloomfield,130,731,263,3333,4,8,106.656
2009,Intel,Core i7,975X,Intel Core i7 975X,Bloomfield,130,731,263,3333,4,8,106.656
2010,Intel,Xeon,L5640,Intel Xeon L5640,Westmere EP,60,,,2260,6,8,108.48
2010,Intel,Xeon,X5677,Intel Xeon X5677,Westmere EP,130,,,3460,4,8,110.72
2011,Intel,Xeon,X5687,Intel Xeon X5687,Westmere EP,130,,,3600,4,8,115.2
2011,Intel,Xeon,E5649,Intel Xeon E5649,Westmere EP,80,,,2530,6,8,121.44
2010,Intel,Xeon,X5650,Intel Xeon X5650,Westmere EP,95,,,2660,6,8,127.68
2010,Intel,Xeon,X5660,Intel Xeon X5660,Westmere EP,95,,,2800,6,8,134.4
2010,Intel,Xeon,X5670,Intel Xeon X5670,Westmere EP,95,,,2930,6,8,140.64
2011,Intel,Xeon,X5675,Intel Xeon X5675,Westmere EP,95,,,3060,6,8,146.88
2010,Intel,Core i7,i7-970,Intel Core i7 i7-970,Gulftown,130,,239,3200,6,8,153.6
2010,Intel,Xeon,W3670,Intel Xeon W3670,Westmere EP,130,,,3200,6,8,153.6
2011,Intel,Core i7,i7-980,Intel Core i7 i7-980,Gulftown,130,,239,3330,6,8,159.84
2010,Intel,Core i7 Extreme,i7-980X,Intel Core i7 Extreme i7-980X,Gulftown,130,,239,3330,6,8,159.84
2010,Intel,Xeon,W3680,Intel Xeon W3680,Westmere EP,130,,,3330,6,8,159.84
2010,Intel,Xeon,X5680,Intel Xeon X5680,Westmere EP,130,,,3330,6,8,159.84
2010,Intel,Core i7,980X,Intel Core i7 980X,Gulftown,130,1170,248,3333,6,8,159.984
2011,Intel,Core i7 Extreme,i7-990X,Intel Core i7 Extreme i7-990X,Gulftown,130,,239,3460,6,8,166.08
2011,Intel,Xeon,W3690,Intel Xeon W3690,Gulftown,130,,239,3460,6,8,166.08
2011,Intel,Xeon,X5690,Intel Xeon X5690,Westmere EP,130,,,3460,6,8,166.08
2011,Intel,Celeron,787,Intel Celeron 787,Sandy Bridge,17,,,1300,1,16,20.8
2012,Intel,Celeron,797,Intel Celeron 797,Sandy Bridge,17,,,1400,1,16,22.4
2012,Intel,Celeron,807,Intel Celeron 807,Sandy Bridge,17,,,1500,1,16,24
2011,Intel,Celeron,B710,Intel Celeron B710,Sandy Bridge,35,,,1600,1,16,25.6
2011,Intel,Celeron,G440,Intel Celeron G440,Sandy Bridge,35,,,1600,1,16,25.6
2012,Intel,Celeron,B720,Intel Celeron B720,Sandy Bridge,35,,,1700,1,16,27.2
2011,Intel,Celeron,G460,Intel Celeron G460,Sandy Bridge,35,,,1800,1,16,28.8
2012,Intel,Celeron,G465,Intel Celeron G465,Sandy Bridge,35,,,1900,1,16,30.4
2013,Intel,Celeron,1019Y,Intel Celeron 1019Y,Ivy Bridge,10,,,1000,2,16,32
2013,Intel,Celeron,G470,Intel Celeron G470,Sandy Bridge,35,,,2000,1,16,32
2013,Intel,Pentium,2129Y,Intel Pentium 2129Y,Ivy Bridge,10,,,1100,2,16,35.2
2011,Intel,Celeron,847,Intel Celeron 847,Sandy Bridge,17,,,1100,2,16,35.2
2011,Intel,Pentium,350,Intel Pentium 350,Sandy Bridge,15,,,1200,2,16,38.4
2011,Intel,Celeron,857,Intel Celeron 857,Sandy Bridge,17,,,1200,2,16,38.4
2011,Intel,Pentium,957,Intel Pentium 957,Sandy Bridge,17,,,1200,2,16,38.4
2012,Intel,Celeron,867,Intel Celeron 867,Sandy Bridge,17,,,1300,2,16,41.6
2011,Intel,Pentium,967,Intel Pentium 967,Sandy Bridge,17,,,1300,2,16,41.6
2011,Intel,Core i3,i3-2357M,Intel Core i3 i3-2357M,Sandy Bridge,17,,,1300,2,16,41.6
2012,Intel,Celeron,877,Intel Celeron 877,Sandy Bridge,17,,,1400,2,16,44.8
2012,Intel,Pentium,977,Intel Pentium 977,Sandy Bridge,17,,,1400,2,16,44.8
2012,Intel,Core i3,i3-2365M,Intel Core i3 i3-2365M,Sandy Bridge,17,,,1400,2,16,44.8
2011,Intel,Core i3,i3-2367M,Intel Core i3 i3-2367M,Sandy Bridge,17,,,1400,2,16,44.8
2013,Intel,Core i3,i3-3229Y,Intel Core i3 i3-3229Y,Ivy Bridge,13,,,1400,2,16,44.8
2011,Intel,Core i5,i5-2537M,Intel Core i5 i5-2537M,Sandy Bridge,17,,,1400,2,16,44.8
2013,Intel,Celeron,1007U,Intel Celeron 1007U,Ivy Bridge,17,,,1500,2,16,48
2012,Intel,Celeron,887,Intel Celeron 887,Sandy Bridge,17,,,1500,2,16,48
2012,Intel,Pentium,987,Intel Pentium 987,Sandy Bridge,17,,,1500,2,16,48
2011,Intel,Celeron,B800,Intel Celeron B800,Sandy Bridge,35,,,1500,2,16,48
2013,Intel,Core i3,i3-2375M,Intel Core i3 i3-2375M,Sandy Bridge,17,,,1500,2,16,48
2012,Intel,Core i3,i3-2377M,Intel Core i3 i3-2377M,Sandy Bridge,17,,,1500,2,16,48
2013,Intel,Core i5,i5-3339Y,Intel Core i5 i5-3339Y,Ivy Bridge,13,,,1500,2,16,48
2013,Intel,Core i5,i5-3439Y,Intel Core i5 i5-3439Y,Ivy Bridge,13,,,1500,2,16,48
2011,Intel,Core i7,i7-2617M,Intel Core i7 i7-2617M,Sandy Bridge,17,,,1500,2,16,48
2013,Intel,Core i7,i7-3689Y,Intel Core i7 i7-3689Y,Ivy Bridge,13,,,1500,2,16,48
2013,Intel,Celeron,1017U,Intel Celeron 1017U,Ivy Bridge,17,,,1600,2,16,51.2
2012,Intel,Pentium,997,Intel Pentium 997,Sandy Bridge,17,,,1600,2,16,51.2
2012,Intel,Celeron,B815,Intel Celeron B815,Sandy Bridge,35,,,1600,2,16,51.2
2011,Intel,Core i5,i5-2467M,Intel Core i5 i5-2467M,Sandy Bridge,17,,,1600,2,16,51.2
2011,Intel,Core i7,i7-2657M,Intel Core i7 i7-2657M,Sandy Bridge,17,,,1600,2,16,51.2
2012,Intel,Celeron,B820,Intel Celeron B820,Sandy Bridge,35,,,1700,2,16,54.4
2011,Intel,Core i5,i5-2557M,Intel Core i5 i5-2557M,Sandy Bridge,17,,,1700,2,16,54.4
2012,Intel,Core i5,i5-3317U,Intel Core i5 i5-3317U,Ivy Bridge,17,,,1700,2,16,54.4
2011,Intel,Core i7,i7-2637M,Intel Core i7 i7-2637M,Sandy Bridge,17,,,1700,2,16,54.4
2013,Intel,Celeron,1000M,Intel Celeron 1000M,Ivy Bridge,35,,,1800,2,16,57.6
2013,Intel,Celeron,1037U,Intel Celeron 1037U,Ivy Bridge,17,,,1800,2,16,57.6
2012,Intel,Pentium,2117U,Intel Pentium 2117U,Ivy Bridge,17,,,1800,2,16,57.6
2012,Intel,Celeron,B830,Intel Celeron B830,Sandy Bridge,35,,,1800,2,16,57.6
2012,Intel,Core i3,i3-3217U,Intel Core i3 i3-3217U,Ivy Bridge,17,,,1800,2,16,57.6
2013,Intel,Core i5,i5-3337U,Intel Core i5 i5-3337U,Ivy Bridge,17,,,1800,2,16,57.6
2012,Intel,Core i5,i5-3427U,Intel Core i5 i5-3427U,Ivy Bridge,17,,,1800,2,16,57.6
2011,Intel,Core i7,i7-2677M,Intel Core i7 i7-2677M,Sandy Bridge,17,,,1800,2,16,57.6
2013,Intel,Celeron,1005M,Intel Celeron 1005M,Ivy Bridge,35,,,1900,2,16,60.8
2013,Intel,Pentium,2127U,Intel Pentium 2127U,Ivy Bridge,17,,,1900,2,16,60.8
2011,Intel,Celeron,B840,Intel Celeron B840,Sandy Bridge,35,,,1900,2,16,60.8
2013,Intel,Core i3,i3-3227U,Intel Core i3 i3-3227U,Ivy Bridge,17,,,1900,2,16,60.8
2013,Intel,Core i5,i5-3437U,Intel Core i5 i5-3437U,Ivy Bridge,17,,,1900,2,16,60.8
2012,Intel,Core i7,i7-3517U,Intel Core i7 i7-3517U,Ivy Bridge,17,,,1900,2,16,60.8
2011,Intel,Pentium,B940,Intel Pentium B940,Sandy Bridge,35,,,2000,2,16,64
2011,Intel,Celeron,G530T,Intel Celeron G530T,Sandy Bridge,35,,,2000,2,16,64
2013,Intel,Core i7,i7-3537U,Intel Core i7 i7-3537U,Ivy Bridge,17,,,2000,2,16,64
2012,Intel,Core i7,i7-3667U,Intel Core i7 i7-3667U,Ivy Bridge,17,,,2000,2,16,64
2013,Intel,Celeron,1020M,Intel Celeron 1020M,Ivy Bridge,35,,,2100,2,16,67.2
2013,Intel,Pentium,A1018,Intel Pentium A1018,Ivy Bridge,35,,,2100,2,16,67.2
2011,Intel,Pentium,B950,Intel Pentium B950,Sandy Bridge,35,,,2100,2,16,67.2
2012,Intel,Celeron,G540T,Intel Celeron G540T,Sandy Bridge,35,,,2100,2,16,67.2
2011,Intel,Core i3,i3-2310M,Intel Core i3 i3-2310M,Sandy Bridge,35,,,2100,2,16,67.2
2011,Intel,Core i3,i3-2312M,Intel Core i3 i3-2312M,Sandy Bridge,35,,,2100,2,16,67.2
2011,Intel,Core i7,i7-2629M,Intel Core i7 i7-2629M,Sandy Bridge,25,,,2100,2,16,67.2
2013,Intel,Core i7,i7-3687U,Intel Core i7 i7-3687U,Ivy Bridge,17,,,2100,2,16,67.2
2011,Intel,Pentium,B960,Intel Pentium B960,Sandy Bridge,35,,,2200,2,16,70.4
2011,Intel,Xeon,E3-1220L,Intel Xeon E3-1220L,Sandy Bridge,20,,,2200,2,16,70.4
2012,Intel,Celeron,G550T,Intel Celeron G550T,Sandy Bridge,35,,,2200,2,16,70.4
2011,Intel,Pentium,G620T,Intel Pentium G620T,Sandy Bridge,35,,,2200,2,16,70.4
2012,Intel,Core i3,i3-2328M,Intel Core i3 i3-2328M,Sandy Bridge,35,,,2200,2,16,70.4
2011,Intel,Core i3,i3-2330M,Intel Core i3 i3-2330M,Sandy Bridge,35,,,2200,2,16,70.4
2012,Intel,Pentium,B970,Intel Pentium B970,Sandy Bridge,35,,,2300,2,16,73.6
2012,Intel,Xeon,E3-1220L v2,Intel Xeon E3-1220L v2,Ivy Bridge,17,,,2300,2,16,73.6
2013,Intel,Celeron,G1610T,Intel Celeron G1610T,Ivy Bridge,35,,,2300,2,16,73.6
2011,Intel,Pentium,G630T,Intel Pentium G630T,Sandy Bridge,35,,,2300,2,16,73.6
2013,Intel,Core i3,i3-2348M,Intel Core i3 i3-2348M,Sandy Bridge,35,,,2300,2,16,73.6
2011,Intel,Core i3,i3-2350M,Intel Core i3 i3-2350M,Sandy Bridge,35,,,2300,2,16,73.6
2011,Intel,Core i5,i5-2410M,Intel Core i5 i5-2410M,Sandy Bridge,35,,,2300,2,16,73.6
2011,Intel,Core i5,i5-2415M,Intel Core i5 i5-2415M,Sandy Bridge,35,,,2300,2,16,73.6
2011,Intel,Core i7,i7-2649M,Intel Core i7 i7-2649M,Sandy Bridge,25,,,2300,2,16,73.6
2012,Intel,Pentium,2020M,Intel Pentium 2020M,Ivy Bridge,35,,,2400,2,16,76.8
2012,Intel,Pentium,B980,Intel Pentium B980,Sandy Bridge,35,,,2400,2,16,76.8
2013,Intel,Celeron,G1620T,Intel Celeron G1620T,Ivy Bridge,35,,,2400,2,16,76.8
2011,Intel,Celeron,G530,Intel Celeron G530,Sandy Bridge,65,,,2400,2,16,76.8
2012,Intel,Pentium,G640T,Intel Pentium G640T,Sandy Bridge,35,,,2400,2,16,76.8
2012,Intel,Core i3,i3-2370M,Intel Core i3 i3-2370M,Sandy Bridge,35,,,2400,2,16,76.8
2012,Intel,Core i3,i3-3110M,Intel Core i3 i3-3110M,Ivy Bridge,35,,,2400,2,16,76.8
2011,Intel,Core i5,i5-2430M,Intel Core i5 i5-2430M,Sandy Bridge,35,,,2400,2,16,76.8
2011,Intel,Core i5,i5-2435M,Intel Core i5 i5-2435M,Sandy Bridge,35,,,2400,2,16,76.8
2013,Intel,Pentium,2030M,Intel Pentium 2030M,Ivy Bridge,35,,,2500,2,16,80
2013,Intel,Pentium,G2020T,Intel Pentium G2020T,Ivy Bridge,35,,,2500,2,16,80
2012,Intel,Pentium,G645T,Intel Pentium G645T,Sandy Bridge,35,,,2500,2,16,80
2011,Intel,Core i3,i3-2100T,Intel Core i3 i3-2100T,Sandy Bridge,35,,,2500,2,16,80
2012,Intel,Core i3,i3-3120M,Intel Core i3 i3-3120M,Ivy Bridge,35,,,2500,2,16,80
2012,Intel,Core i5,i5-2450M,Intel Core i5 i5-2450M,Sandy Bridge,35,,,2500,2,16,80
2011,Intel,Core i5,i5-2520M,Intel Core i5 i5-2520M,Sandy Bridge,35,,,2500,2,16,80
2012,Intel,Core i5,i5-3210M,Intel Core i5 i5-3210M,Ivy Bridge,35,,,2500,2,16,80
2012,Intel,Pentium,1403,Intel Pentium 1403,Sandy Bridge EN,80,,,2600,2,16,83.2
2014,Intel,,1403 v2,Intel  1403 v2,Ivy Bridge EN,80,,,2600,2,16,83.2
2013,Intel,Celeron,G1610,Intel Celeron G1610,Ivy Bridge,55,,,2600,2,16,83.2
2013,Intel,Pentium,G2030T,Intel Pentium G2030T,Ivy Bridge,35,,,2600,2,16,83.2
2012,Intel,Pentium,G2100T,Intel Pentium G2100T,Ivy Bridge,35,,,2600,2,16,83.2
2012,Intel,Celeron,G550,Intel Celeron G550,Sandy Bridge,65,,,2600,2,16,83.2
2011,Intel,Pentium,G620,Intel Pentium G620,Sandy Bridge,65,,,2600,2,16,83.2
2011,Intel,Pentium,G622,Intel Pentium G622,Sandy Bridge,65,,,2600,2,16,83.2
2012,Intel,Pentium,G860T,Intel Pentium G860T,Sandy Bridge,35,,,2600,2,16,83.2
2011,Intel,Core i3,i3-2120T,Intel Core i3 i3-2120T,Sandy Bridge,35,,,2600,2,16,83.2
2013,Intel,Core i3,i3-3130M,Intel Core i3 i3-3130M,Ivy Bridge,35,,,2600,2,16,83.2
2011,Intel,Core i5,i5-2540M,Intel Core i5 i5-2540M,Sandy Bridge,35,,,2600,2,16,83.2
2013,Intel,Core i5,i5-3230M,Intel Core i5 i5-3230M,Ivy Bridge,35,,,2600,2,16,83.2
2012,Intel,Core i5,i5-3320M,Intel Core i5 i5-3320M,Ivy Bridge,35,,,2600,2,16,83.2
2013,Intel,Pentium,G2120T,Intel Pentium G2120T,Ivy Bridge,35,,,2700,2,16,86.4
2012,Intel,Celeron,G555,Intel Celeron G555,Sandy Bridge,65,,,2700,2,16,86.4
2011,Intel,Pentium,G630,Intel Pentium G630,Sandy Bridge,65,,,2700,2,16,86.4
2011,Intel,Pentium,G632,Intel Pentium G632,Sandy Bridge,65,,,2700,2,16,86.4
2011,Intel,Core i5,i5-2390T,Intel Core i5 i5-2390T,Sandy Bridge,35,,,2700,2,16,86.4
2013,Intel,Core i5,i5-3340M,Intel Core i5 i5-3340M,Ivy Bridge,35,,,2700,2,16,86.4
2011,Intel,Core i7,i7-2620M,Intel Core i7 i7-2620M,Sandy Bridge,35,,,2700,2,16,86.4
2012,Intel,Pentium,1407,Intel Pentium 1407,Sandy Bridge EN,80,,,2800,2,16,89.6
2013,Intel,Celeron,G1630,Intel Celeron G1630,Ivy Bridge,55,,,2800,2,16,89.6
2013,Intel,Pentium,G2010,Intel Pentium G2010,Ivy Bridge,55,,,2800,2,16,89.6
2012,Intel,Pentium,G640,Intel Pentium G640,Sandy Bridge,65,,,2800,2,16,89.6
2011,Intel,Pentium,G840,Intel Pentium G840,Sandy Bridge,65,,,2800,2,16,89.6
2012,Intel,Core i3,i3-3220T,Intel Core i3 i3-3220T,Ivy Bridge,35,,,2800,2,16,89.6
2012,Intel,Core i5,i5-3360M,Intel Core i5 i5-3360M,Ivy Bridge,35,,,2800,2,16,89.6
2011,Intel,Core i7,i7-2640M,Intel Core i7 i7-2640M,Sandy Bridge,35,,,2800,2,16,89.6
2013,Intel,Pentium,G2020,Intel Pentium G2020,Ivy Bridge,55,,,2900,2,16,92.8
2012,Intel,Pentium,G645,Intel Pentium G645,Sandy Bridge,65,,,2900,2,16,92.8
2012,Intel,Core i3,i3-3240T,Intel Core i3 i3-3240T,Ivy Bridge,35,,,2900,2,16,92.8
2013,Intel,Core i5,i5-3380M,Intel Core i5 i5-3380M,Ivy Bridge,35,,,2900,2,16,92.8
2012,Intel,Core i5,i5-3470T,Intel Core i5 i5-3470T,Ivy Bridge,35,,,2900,2,16,92.8
2012,Intel,Core i7,i7-3520M,Intel Core i7 i7-3520M,Ivy Bridge,35,,,2900,2,16,92.8
2013,Intel,Pentium,G2030,Intel Pentium G2030,Ivy Bridge,55,,,3000,2,16,96
2011,Intel,Pentium,G860,Intel Pentium G860,Sandy Bridge,65,,,3000,2,16,96
2013,Intel,Core i3,i3-3250T,Intel Core i3 i3-3250T,Ivy Bridge,35,,,3000,2,16,96
2013,Intel,Core i7,i7-3540M,Intel Core i7 i7-3540M,Ivy Bridge,35,,,3000,2,16,96
2012,Intel,Pentium,G870,Intel Pentium G870,Sandy Bridge,65,,,3100,2,16,99.2
2011,Intel,Core i3,i3-2100,Intel Core i3 i3-2100,Sandy Bridge,65,,,3100,2,16,99.2
2011,Intel,Core i3,i3-2102,Intel Core i3 i3-2102,Sandy Bridge,65,,,3100,2,16,99.2
2011,Intel,Core i3,i3-2105,Intel Core i3 i3-2105,Sandy Bridge,65,,,3100,2,16,99.2
2013,Intel,Pentium,G2130,Intel Pentium G2130,Ivy Bridge,55,,,3200,2,16,102.4
2013,Intel,Core i3,i3-3210,Intel Core i3 i3-3210,Ivy Bridge,55,,,3200,2,16,102.4
2013,Intel,Pentium,G2140,Intel Pentium G2140,Ivy Bridge,55,,,3300,2,16,105.6
,Intel,Core i3,i3-2120,Intel Core i3 i3-2120,Sandy Bridge,65,,,3300,2,16,105.6
2011,Intel,Core i3,i3-2125,Intel Core i3 i3-2125,Sandy Bridge,65,,,3300,2,16,105.6
2012,Intel,Core i3,i3-3225,Intel Core i3 i3-3225,Ivy Bridge,55,,,3300,2,16,105.6
2011,Intel,Core i3,i3-2130,Intel Core i3 i3-2130,Sandy Bridge,65,,,3400,2,16,108.8
2012,Intel,Core i3,i3-3240,Intel Core i3 i3-3240,Ivy Bridge,55,,,3400,2,16,108.8
2013,Intel,Core i3,i3-3245,Intel Core i3 i3-3245,Ivy Bridge,55,,,3400,2,16,108.8
2013,Intel,Core i3,i3-3250,Intel Core i3 i3-3250,Ivy Bridge,55,,,3500,2,16,112
2012,Intel,Xeon,E5-2403,Intel Xeon E5-2403,Sandy Bridge EN,80,,,1800,4,16,115.2
2014,Intel,Xeon,E5-2403 v2,Intel Xeon E5-2403 v2,Ivy Bridge EN,80,,,1800,4,16,115.2
2013,Intel,Xeon,E5-2603 v2,Intel Xeon E5-2603 v2,Ivy Bridge EP,80,,,1800,4,16,115.2
2011,Intel,Core i7,i7-2630QM,Intel Core i7 i7-2630QM,Sandy Bridge,45,,,2000,4,16,128
2011,Intel,Core i7,i7-2635QM,Intel Core i7 i7-2635QM,Sandy Bridge,45,,,2000,4,16,128
2012,Intel,Core i7,i7-3612QM,Intel Core i7 i7-3612QM,Ivy Bridge,35,,,2100,4,16,134.4
2012,Intel,Xeon,E5-2407,Intel Xeon E5-2407,Sandy Bridge EN,80,,,2200,4,16,140.8
2014,Intel,Xeon,E5-4603 v2,Intel Xeon E5-4603 v2,Ivy Bridge EP,95,,,2200,4,16,140.8
2011,Intel,Core i7,i7-2670QM,Intel Core i7 i7-2670QM,Sandy Bridge,45,,,2200,4,16,140.8
2011,Intel,Core i7,i7-2675QM,Intel Core i7 i7-2675QM,Sandy Bridge,45,,,2200,4,16,140.8
2011,Intel,Core i7,i7-2720QM,Intel Core i7 i7-2720QM,Sandy Bridge,45,,,2200,4,16,140.8
2012,Intel,Core i7,i7-3632QM,Intel Core i7 i7-3632QM,Ivy Bridge,35,,,2200,4,16,140.8
2011,Intel,Core i5,i5-2500T,Intel Core i5 i5-2500T,Sandy Bridge,45,,,2300,4,16,147.2
2012,Intel,Core i5,i5-3570T,Intel Core i5 i5-3570T,Ivy Bridge,45,,,2300,4,16,147.2
2011,Intel,Core i7,i7-2820QM,Intel Core i7 i7-2820QM,Sandy Bridge,45,,,2300,4,16,147.2
2012,Intel,Core i7,i7-3610QM,Intel Core i7 i7-3610QM,Ivy Bridge,45,,,2300,4,16,147.2
2012,Intel,Core i7,i7-3615QM,Intel Core i7 i7-3615QM,Ivy Bridge,45,,,2300,4,16,147.2
2011,Intel,Xeon,E3-1260L,Intel Xeon E3-1260L,Sandy Bridge,45,,,2400,4,16,153.6
2014,Intel,Xeon,E5-2407 v2,Intel Xeon E5-2407 v2,Ivy Bridge EN,80,,,2400,4,16,153.6
2011,Intel,Core i7,i7-2760QM,Intel Core i7 i7-2760QM,Sandy Bridge,45,,,2400,4,16,153.6
2012,Intel,Core i7,i7-3630QM,Intel Core i7 i7-3630QM,Ivy Bridge,45,,,2400,4,16,153.6
2012,Intel,Core i7,i7-3635QM,Intel Core i7 i7-3635QM,Ivy Bridge,45,,,2400,4,16,153.6
2012,Intel,Xeon,E3-1265L v2,Intel Xeon E3-1265L v2,Ivy Bridge,45,,,2500,4,16,160
2011,Intel,Core i5,i5-2400S,Intel Core i5 i5-2400S,Sandy Bridge,65,,,2500,4,16,160
2011,Intel,Core i5,i5-2405S,Intel Core i5 i5-2405S,Sandy Bridge,65,,,2500,4,16,160
2011,Intel,Core i7,i7-2860QM,Intel Core i7 i7-2860QM,Sandy Bridge,45,,,2500,4,16,160
2011,Intel,Core i7 Extreme,i7-2920XM,Intel Core i7 Extreme i7-2920XM,Sandy Bridge,55,,,2500,4,16,160
2012,Intel,Core i7,i7-3770T,Intel Core i7 i7-3770T,Ivy Bridge,45,,,2500,4,16,160
2012,Intel,Core i7,i7-3720QM,Intel Core i7 i7-3720QM,Ivy Bridge,45,,,2600,4,16,166.4
2012,Intel,Xeon,E5-1428L,Intel Xeon E5-1428L,Sandy Bridge EN,60,,,1800,6,16,172.8
2011,Intel,Core i5,i5-2500S,Intel Core i5 i5-2500S,Sandy Bridge,65,,,2700,4,16,172.8
2012,Intel,Core i5,i5-3330S,Intel Core i5 i5-3330S,Ivy Bridge,65,,,2700,4,16,172.8
2011,Intel,Core i7 Extreme,i7-2960XM,Intel Core i7 Extreme i7-2960XM,Sandy Bridge,55,,,2700,4,16,172.8
2012,Intel,Core i7,i7-3740QM,Intel Core i7 i7-3740QM,Ivy Bridge,45,,,2700,4,16,172.8
2012,Intel,Core i7,i7-3820QM,Intel Core i7 i7-3820QM,Ivy Bridge,45,,,2700,4,16,172.8
2012,Intel,Xeon,E5-1410,Intel Xeon E5-1410,Sandy Bridge EN,80,,,2800,4,16,179.2
2014,Intel,,E5-1410 v2,Intel  E5-1410 v2,Ivy Bridge EN,80,,,2800,4,16,179.2
2011,Intel,Core i5,i5-2300,Intel Core i5 i5-2300,Sandy Bridge,95,,,2800,4,16,179.2
2013,Intel,Core i5,i5-3340S,Intel Core i5 i5-3340S,Ivy Bridge,65,,,2800,4,16,179.2
2012,Intel,Core i5,i5-3450S,Intel Core i5 i5-3450S,Ivy Bridge,65,,,2800,4,16,179.2
2011,Intel,Core i7,i7-2600S,Intel Core i7 i7-2600S,Sandy Bridge,65,,,2800,4,16,179.2
2012,Intel,Core i7,i7-3840QM,Intel Core i7 i7-3840QM,Ivy Bridge,45,,,2800,4,16,179.2
2012,Intel,Xeon,E5-2420,Intel Xeon E5-2420,Sandy Bridge EN,95,,,1900,6,16,182.4
2014,Intel,Xeon,E7-4809 v2,Intel Xeon E7-4809 v2,Ivy Bridge,105,,,1900,6,16,182.4
2011,Intel,Core i5,i5-2310,Intel Core i5 i5-2310,Sandy Bridge,95,,,2900,4,16,185.6
2012,Intel,Core i5,i5-3470S,Intel Core i5 i5-3470S,Ivy Bridge,65,,,2900,4,16,185.6
2012,Intel,Core i5,i5-3475S,Intel Core i5 i5-3475S,Ivy Bridge,65,,,2900,4,16,185.6
2012,Intel,Core i7 Extreme,i7-3920XM,Intel Core i7 Extreme i7-3920XM,Ivy Bridge,55,,,2900,4,16,185.6
2012,Intel,Xeon,E5-2430L,Intel Xeon E5-2430L,Sandy Bridge EN,60,,,2000,6,16,192
2013,Intel,,E5-1607 v2,Intel  E5-1607 v2,Ivy Bridge EP,130,,,3000,4,16,192
2011,Intel,Core i5,i5-2320,Intel Core i5 i5-2320,Sandy Bridge,95,,,3000,4,16,192
2012,Intel,Core i5,i5-3330,Intel Core i5 i5-3330,Ivy Bridge,77,,,3000,4,16,192
2012,Intel,Core i7 Extreme,i7-3940XM,Intel Core i7 Extreme i7-3940XM,Ivy Bridge,55,,,3000,4,16,192
2011,Intel,Xeon,E3-1220,Intel Xeon E3-1220,Sandy Bridge,80,,,3100,4,16,198.4
2012,Intel,Xeon,E3-1220 v2,Intel Xeon E3-1220 v2,Ivy Bridge,69,,,3100,4,16,198.4
2012,Intel,Core i5,i5-2380P,Intel Core i5 i5-2380P,Sandy Bridge,95,,,3100,4,16,198.4
2013,Intel,Core i5,i5-3340,Intel Core i5 i5-3340,Ivy Bridge,77,,,3100,4,16,198.4
2012,Intel,Core i5,i5-3350P,Intel Core i5 i5-3350P,Ivy Bridge,69,,,3100,4,16,198.4
2012,Intel,Core i5,i5-3450,Intel Core i5 i5-3450,Ivy Bridge,77,,,3100,4,16,198.4
2012,Intel,Core i5,i5-3570S,Intel Core i5 i5-3570S,Ivy Bridge,65,,,3100,4,16,198.4
2012,Intel,Core i7,i7-3770S,Intel Core i7 i7-3770S,Ivy Bridge,65,,,3100,4,16,198.4
2013,Intel,Xeon,E5-2620 v2,Intel Xeon E5-2620 v2,Ivy Bridge EP,80,,,2100,6,16,201.6
2011,Intel,Xeon,E3-1230,Intel Xeon E3-1230,Sandy Bridge,80,,,3200,4,16,204.8
2011,Intel,Xeon,E3-1235,Intel Xeon E3-1235,Sandy Bridge,95,,,3200,4,16,204.8
2012,Intel,Core i5,i5-2450P,Intel Core i5 i5-2450P,Sandy Bridge,95,,,3200,4,16,204.8
2012,Intel,Core i5,i5-3470,Intel Core i5 i5-3470,Ivy Bridge,77,,,3200,4,16,204.8
2012,Intel,Xeon,E3-1230 v2,Intel Xeon E3-1230 v2,Ivy Bridge,69,,,3300,4,16,211.2
2011,Intel,Xeon,E3-1240,Intel Xeon E3-1240,Sandy Bridge,80,,,3300,4,16,211.2
2011,Intel,Xeon,E3-1245,Intel Xeon E3-1245,Sandy Bridge,95,,,3300,4,16,211.2
2011,Intel,Core i5,i5-2500,Intel Core i5 i5-2500,Sandy Bridge,95,,,3300,4,16,211.2
2011,Intel,Core i5,i5-2500K,Intel Core i5 i5-2500K,Sandy Bridge,95,,,3300,4,16,211.2
2012,Intel,Core i5,i5-3550,Intel Core i5 i5-3550,Ivy Bridge,77,,,3300,4,16,211.2
2014,Intel,Xeon,E5-2420 v2,Intel Xeon E5-2420 v2,Ivy Bridge EN,80,,,2200,6,16,211.2
2011,Intel,Core i7,2600,Intel Core i7 2600,Sandy Bridge,95,995,216,3400,4,16,217.6
2012,Intel,Xeon,E3-1240 v2,Intel Xeon E3-1240 v2,Ivy Bridge,69,,,3400,4,16,217.6
2012,Intel,Xeon,E3-1245 v2,Intel Xeon E3-1245 v2,Ivy Bridge,77,,,3400,4,16,217.6
2011,Intel,Xeon,E3-1270,Intel Xeon E3-1270,Sandy Bridge,80,,,3400,4,16,217.6
2012,Intel,Core i5,i5-2550K,Intel Core i5 i5-2550K,Sandy Bridge,95,,,3400,4,16,217.6
2012,Intel,Core i5,i5-3570,Intel Core i5 i5-3570,Ivy Bridge,77,,,3400,4,16,217.6
2012,Intel,Core i5,i5-3570K,Intel Core i5 i5-3570K,Ivy Bridge,77,,,3400,4,16,217.6
2011,Intel,Core i7,i7-2600K,Intel Core i7 i7-2600K,Sandy Bridge,95,,,3400,4,16,217.6
2012,Intel,Xeon,E3-1270 v2,Intel Xeon E3-1270 v2,Ivy Bridge,69,,,3500,4,16,224
2011,Intel,Xeon,E3-1280,Intel Xeon E3-1280,Sandy Bridge,95,,,3500,4,16,224
2013,Intel,Xeon,E5-2637 v2,Intel Xeon E5-2637 v2,Ivy Bridge EP,130,,,3500,4,16,224
2011,Intel,Core i7,i7-2700K,Intel Core i7 i7-2700K,Sandy Bridge,95,,,3500,4,16,224
2012,Intel,Core i7,i7-3770K,Intel Core i7 i7-3770K,Ivy Bridge,77,,,3500,4,16,224
2014,Intel,Xeon,E5-2430L v2,Intel Xeon E5-2430L v2,Ivy Bridge EN,60,,,2400,6,16,230.4
2012,Intel,Xeon,E5-2440,Intel Xeon E5-2440,Sandy Bridge EN,95,,,2400,6,16,230.4
2013,Intel,Xeon,E5-2630L v2,Intel Xeon E5-2630L v2,Ivy Bridge EP,60,,,2400,6,16,230.4
2012,Intel,Xeon,E5-2450L,Intel Xeon E5-2450L,Sandy Bridge EN,70,,,1800,8,16,230.4
2012,Intel,Xeon,E3-1280 v2,Intel Xeon E3-1280 v2,Ivy Bridge,69,,,3600,4,16,230.4
2011,Intel,Xeon,E3-1290,Intel Xeon E3-1290,Sandy Bridge,95,,,3600,4,16,230.4
2012,Intel,Core i7,i7-3820,Intel Core i7 i7-3820,Sandy Bridge E,130,,,3600,4,16,230.4
2012,Intel,Xeon,E3-1290 v2,Intel Xeon E3-1290 v2,Ivy Bridge,87,,,3700,4,16,236.8
2013,Intel,Xeon,E5-1620 v2,Intel Xeon E5-1620 v2,Ivy Bridge EP,130,,,3700,4,16,236.8
2013,Intel,Core i7,i7-4820K,Intel Core i7 i7-4820K,Ivy Bridge E,130,,,3700,4,16,236.8
2014,Intel,Xeon,E5-2440 v2,Intel Xeon E5-2440 v2,Ivy Bridge EN,95,,,1900,8,16,243.2
2014,Intel,Xeon,E5-4607 v2,Intel Xeon E5-4607 v2,Ivy Bridge EP,95,,,2600,6,16,249.6
2014,Intel,Xeon,E7-4820 v2,Intel Xeon E7-4820 v2,Ivy Bridge,105,,,2000,8,16,256
2012,Intel,Xeon,E5-2450,Intel Xeon E5-2450,Sandy Bridge EN,95,,,2100,8,16,268.8
2014,Intel,Xeon,E5-2450L v2,Intel Xeon E5-2450L v2,Ivy Bridge EN,60,,,1700,10,16,272
2013,Intel,Xeon,E5-2650L v2,Intel Xeon E5-2650L v2,Ivy Bridge EP,70,,,1700,10,16,272
2012,Intel,Xeon,E5-2470,Intel Xeon E5-2470,Sandy Bridge EN,95,,,2300,8,16,294.4
2014,Intel,Xeon,E5-4610 v2,Intel Xeon E5-4610 v2,Ivy Bridge EP,95,,,2300,8,16,294.4
2011,Intel,Core i7,i7-3930K,Intel Core i7 i7-3930K,Sandy Bridge E,130,,,3200,6,16,307.2
2011,Intel,Core i7,i7-3960X,Intel Core i7 i7-3960X,Sandy Bridge E,130,,,3300,6,16,316.8
2014,Intel,Xeon,E7-8893 v2,Intel Xeon E7-8893 v2,Ivy Bridge,155,,,3400,6,16,326.4
2013,Intel,Core i7,i7-4930K,Intel Core i7 i7-4930K,Ivy Bridge E,130,,,3400,6,16,326.4
2013,Intel,Xeon,E5-2650 v2,Intel Xeon E5-2650 v2,Ivy Bridge EP,95,,,2600,8,16,332.8
2014,Intel,Xeon,E5-4620 v2,Intel Xeon E5-4620 v2,Ivy Bridge EP,95,,,2600,8,16,332.8
2013,Intel,Xeon,E5-1650 v2,Intel Xeon E5-1650 v2,Ivy Bridge EP,130,,,3500,6,16,336
2013,Intel,Xeon,E5-2643 v2,Intel Xeon E5-2643 v2,Ivy Bridge EP,130,,,3500,6,16,336
2012,Intel,Core i7,i7-3970X,Intel Core i7 i7-3970X,Sandy Bridge E,150,,,3500,6,16,336
2013,Intel,Core i7,i7-4960X,Intel Core i7 i7-4960X,Ivy Bridge E,130,,,3600,6,16,345.6
2013,Intel,Xeon,E5-2660 v2,Intel Xeon E5-2660 v2,Ivy Bridge EP,95,,,2200,10,16,352
2014,Intel,Xeon,E5-4640 v2,Intel Xeon E5-4640 v2,Ivy Bridge EP,95,,,2200,10,16,352
2014,Intel,Xeon,E7-4830 v2,Intel Xeon E7-4830 v2,Ivy Bridge,105,,,2200,10,16,352
2013,Intel,Xeon,E5-1660 v2,Intel Xeon E5-1660 v2,Ivy Bridge EP,130,,,3700,6,16,355.2
2014,Intel,Xeon,E5-2470 v2,Intel Xeon E5-2470 v2,Ivy Bridge EN,95,,,2400,10,16,384
2014,Intel,Xeon,E5-4650 v2,Intel Xeon E5-4650 v2,Ivy Bridge EP,95,,,2400,10,16,384
2013,Intel,,E5-1680 v2,Intel  E5-1680 v2,Ivy Bridge EP,130,,,3000,8,16,384
2013,Intel,Xeon,E5-2670 v2,Intel Xeon E5-2670 v2,Ivy Bridge EP,115,,,2500,10,16,400
2013,Intel,Xeon,E5-2667 v2,Intel Xeon E5-2667 v2,Ivy Bridge EP,130,,,3300,8,16,422.4
2013,Intel,,E5-2673 v2,Intel  E5-2673 v2,Ivy Bridge EP,110,,,3300,8,16,422.4
2014,Intel,Xeon,E5-4627 v2,Intel Xeon E5-4627 v2,Ivy Bridge EP,130,,,3300,8,16,422.4
2013,Intel,Xeon,E5-2687W v2,Intel Xeon E5-2687W v2,Ivy Bridge EP,150,,,3400,8,16,435.2
2014,Intel,Xeon,E7-2850 v2,Intel Xeon E7-2850 v2,Ivy Bridge,105,,,2300,12,16,441.6
2014,Intel,Xeon,E7-4850 v2,Intel Xeon E7-4850 v2,Ivy Bridge,105,,,2300,12,16,441.6
2014,Intel,Xeon,E7-8850 v2,Intel Xeon E7-8850 v2,Ivy Bridge,105,,,2300,12,16,441.6
2013,Intel,Xeon,E5-2695 v2,Intel Xeon E5-2695 v2,Ivy Bridge EP,115,,,2400,12,16,460.8
2014,Intel,Xeon,E5-4657L v2,Intel Xeon E5-4657L v2,Ivy Bridge EP,115,,,2400,12,16,460.8
2013,Intel,Xeon,E5-2690 v2,Intel Xeon E5-2690 v2,Ivy Bridge EP,130,,,3000,10,16,480
2014,Intel,Xeon,E7-4860 v2,Intel Xeon E7-4860 v2,Ivy Bridge,130,,,2600,12,16,499.2
2014,Intel,Xeon,E7-8891 v2,Intel Xeon E7-8891 v2,Ivy Bridge,155,,,3200,10,16,512
2013,Intel,Xeon,E5-2697 v2,Intel Xeon E5-2697 v2,Ivy Bridge EP,130,,,2700,12,16,518.4
2014,Intel,Xeon,E7-8880L v2,Intel Xeon E7-8880L v2,Ivy Bridge,105,,,2200,15,16,528
2014,Intel,Xeon,E7-2870 v2,Intel Xeon E7-2870 v2,Ivy Bridge,130,,,2300,15,16,552
2014,Intel,Xeon,E7-4870 v2,Intel Xeon E7-4870 v2,Ivy Bridge,130,,,2300,15,16,552
2014,Intel,Xeon,E7-8870 v2,Intel Xeon E7-8870 v2,Ivy Bridge,130,,,2300,15,16,552
2014,Intel,Xeon,E7-8857 v2,Intel Xeon E7-8857 v2,Ivy Bridge,130,,,3000,12,16,576
2014,Intel,Xeon,E7-2880 v2,Intel Xeon E7-2880 v2,Ivy Bridge,130,,,2500,15,16,600
2014,Intel,Xeon,E7-4880 v2,Intel Xeon E7-4880 v2,Ivy Bridge,130,,,2500,15,16,600
2014,Intel,Xeon,E7-8880 v2,Intel Xeon E7-8880 v2,Ivy Bridge,130,,,2500,15,16,600
2014,Intel,Xeon,E7-2890 v2,Intel Xeon E7-2890 v2,Ivy Bridge,155,,,2800,15,16,672
2014,Intel,Xeon,E7-4890 v2,Intel Xeon E7-4890 v2,Ivy Bridge,155,,,2800,15,16,672
2014,Intel,Xeon,E7-8890 v2,Intel Xeon E7-8890 v2,Ivy Bridge,155,,,2800,15,16,672
2014,Intel,,E7-8895 v2,Intel  E7-8895 v2,Ivy Bridge,155,,,2800,15,16,672
2014,Intel,Core M,5Y10,Intel Core M 5Y10,Broadwell,4.5,,,800,2,32,51.2
2014,Intel,Core M,5Y10a,Intel Core M 5Y10a,Broadwell,4.5,,,800,2,32,51.2
2014,Intel,Core M,5Y10c,Intel Core M 5Y10c,Broadwell,4.5,,,800,2,32,51.2
2014,Intel,Core M,5Y31,Intel Core M 5Y31,Broadwell,4.5,,,900,2,32,57.6
2013,Intel,Celeron,2961Y,Intel Celeron 2961Y,Haswell,11.5,,,1100,2,32,70.4
2014,Intel,Core M,5Y51,Intel Core M 5Y51,Broadwell,4.5,,,1100,2,32,70.4
2014,Intel,Core M,5Y70,Intel Core M 5Y70,Broadwell,4.5,,,1100,2,32,70.4
2013,Intel,Xeon,E3-1220L v3,Intel Xeon E3-1220L v3,Haswell,13,,,1100,2,32,70.4
2013,Intel,Pentium,3560Y,Intel Pentium 3560Y,Haswell,11.5,,,1200,2,32,76.8
2013,Intel,Pentium,3561Y,Intel Pentium 3561Y,Haswell,11.5,,,1200,2,32,76.8
2014,Intel,Core M,5Y71,Intel Core M 5Y71,Broadwell,4.5,,,1200,2,32,76.8
2013,Intel,Core i3,i3-4010Y,Intel Core i3 i3-4010Y,Haswell,11.5,,,1300,2,32,83.2
2013,Intel,Core i5,i5-4250U,Intel Core i5 i5-4250U,Haswell,15,,,1300,2,32,83.2
2013,Intel,Celeron,2955U,Intel Celeron 2955U,Haswell,15,,,1400,2,32,89.6
2013,Intel,Celeron,2957U,Intel Celeron 2957U,Haswell,15,,,1400,2,32,89.6
2013,Intel,Core i5,i5-4200Y,Intel Core i5 i5-4200Y,Haswell,11.5,,,1400,2,32,89.6
2014,Intel,Core i5,i5-4260U,Intel Core i5 i5-4260U,Haswell,15,,,1400,2,32,89.6
2013,Intel,Core i5,i5-4350U,Intel Core i5 i5-4350U,Haswell,15,,,1400,2,32,89.6
2013,Intel,Core i3,i3-4012Y,Intel Core i3 i3-4012Y,Haswell,11.5,,,1500,2,32,96
2013,Intel,Core i3,i3-4020Y,Intel Core i3 i3-4020Y,Haswell,11.5,,,1500,2,32,96
2013,Intel,Core i5,i5-4210Y,Intel Core i5 i5-4210Y,Haswell,11.5,,,1500,2,32,96
2014,Intel,Core i5,i5-4360U,Intel Core i5 i5-4360U,Haswell,15,,,1500,2,32,96
2013,Intel,Core i7,i7-4550U,Intel Core i7 i7-4550U,Haswell,15,,,1500,2,32,96
2013,Intel,Celeron,2981U,Intel Celeron 2981U,Haswell,15,,,1600,2,32,102.4
2014,Intel,Core i3,i3-4030Y,Intel Core i3 i3-4030Y,Haswell,11.5,,,1600,2,32,102.4
2013,Intel,Core i5,i5-4200U,Intel Core i5 i5-4200U,Haswell,15,,,1600,2,32,102.4
2013,Intel,Core i5,i5-4202Y,Intel Core i5 i5-4202Y,Haswell,11.5,,,1600,2,32,102.4
2014,Intel,Core i5,i5-4220Y,Intel Core i5 i5-4220Y,Haswell,11.5,,,1600,2,32,102.4
2013,Intel,Core i5,i5-4300Y,Intel Core i5 i5-4300Y,Haswell,11.5,,,1600,2,32,102.4
2013,Intel,Core i5,i5-4302Y,Intel Core i5 i5-4302Y,Haswell,11.5,,,1600,2,32,102.4
2013,Intel,Pentium,3556U,Intel Pentium 3556U,Haswell,15,,,1700,2,32,108.8
2013,Intel,Pentium,3558U,Intel Pentium 3558U,Haswell,15,,,1700,2,32,108.8
2013,Intel,Core i3,i3-4005U,Intel Core i3 i3-4005U,Haswell,15,,,1700,2,32,108.8
2014,Intel,Core i5,i5-4210U,Intel Core i5 i5-4210U,Haswell,15,,,1700,2,32,108.8
2013,Intel,Core i7,i7-4610Y,Intel Core i7 i7-4610Y,Haswell,11.5,,,1700,2,32,108.8
2013,Intel,Core i3,i3-4100U,Intel Core i3 i3-4100U,Haswell,15,,,1800,2,32,115.2
2013,Intel,Core i7,i7-4500U,Intel Core i7 i7-4500U,Haswell,15,,,1800,2,32,115.2
2014,Intel,Core i3,i3-4025U,Intel Core i3 i3-4025U,Haswell,15,,,1900,2,32,121.6
2014,Intel,Core i3,i3-4030U,Intel Core i3 i3-4030U,Haswell,15,,,1900,2,32,121.6
2013,Intel,Celeron,2950M,Intel Celeron 2950M,Haswell,37,,,2000,2,32,128
2014,Intel,Core i3,i3-4120U,Intel Core i3 i3-4120U,Haswell,15,,,2000,2,32,128
2013,Intel,Core i3,i3-4158U,Intel Core i3 i3-4158U,Haswell,28,,,2000,2,32,128
2014,Intel,Core i5,i5-4310U,Intel Core i5 i5-4310U,Haswell,15,,,2000,2,32,128
2014,Intel,Core i7,i7-4510U,Intel Core i7 i7-4510U,Haswell,15,,,2000,2,32,128
2013,Intel,Core i7,i7-4600U,Intel Core i7 i7-4600U,Haswell,15,,,2100,2,32,134.4
2014,Intel,Celeron,2970M,Intel Celeron 2970M,Haswell,37,,,2200,2,32,140.8
2013,Intel,Pentium,3550M,Intel Pentium 3550M,Haswell,37,,,2300,2,32,147.2
2014,Intel,Pentium,3560M,Intel Pentium 3560M,Haswell,37,,,2400,2,32,153.6
2014,Intel,Celeron,G1820T,Intel Celeron G1820T,Haswell,35,,,2400,2,32,153.6
2013,Intel,Core i3,i3-4000M,Intel Core i3 i3-4000M,Haswell,37,,,2400,2,32,153.6
2013,Intel,Core i5,i5-4258U,Intel Core i5 i5-4258U,Haswell,28,,,2400,2,32,153.6
2014,Intel,Celeron,G1840T,Intel Celeron G1840T,Haswell,35,,,2500,2,32,160
2013,Intel,Core i3,i3-4100M,Intel Core i3 i3-4100M,Haswell,37,,,2500,2,32,160
2013,Intel,Core i5,i5-4200M,Intel Core i5 i5-4200M,Haswell,37,,,2500,2,32,160
2013,Intel,Pentium,G3220T,Intel Pentium G3220T,Haswell,35,,,2600,2,32,166.4
2014,Intel,Core i3,i3-4110M,Intel Core i3 i3-4110M,Haswell,37,,,2600,2,32,166.4
2014,Intel,Core i5,i5-4210M,Intel Core i5 i5-4210M,Haswell,37,,,2600,2,32,166.4
2014,Intel,Core i5,i5-4278U,Intel Core i5 i5-4278U,Haswell,28,,,2600,2,32,166.4
2013,Intel,Core i5,i5-4288U,Intel Core i5 i5-4288U,Haswell,28,,,2600,2,32,166.4
2013,Intel,Core i5,i5-4300M,Intel Core i5 i5-4300M,Haswell,37,,,2600,2,32,166.4
2014,Intel,Pentium,G3240T,Intel Pentium G3240T,Haswell,35,,,2700,2,32,172.8
2013,Intel,Pentium,G3420T,Intel Pentium G3420T,Haswell,35,,,2700,2,32,172.8
2014,Intel,Core i5,i5-4310M,Intel Core i5 i5-4310M,Haswell,37,,,2700,2,32,172.8
2014,Intel,Celeron,G1830,Intel Celeron G1830,Haswell,53,,,2800,2,32,179.2
2014,Intel,Celeron,G1840,Intel Celeron G1840,Haswell,53,,,2800,2,32,179.2
2014,Intel,Pentium,G3250T,Intel Pentium G3250T,Haswell,35,,,2800,2,32,179.2
2014,Intel,Pentium,G3440T,Intel Pentium G3440T,Haswell,35,,,2800,2,32,179.2
2013,Intel,Core i5,i5-4200H,Intel Core i5 i5-4200H,Haswell,47,,,2800,2,32,179.2
2014,Intel,Core i5,i5-4308U,Intel Core i5 i5-4308U,Haswell,28,,,2800,2,32,179.2
2013,Intel,Core i5,i5-4330M,Intel Core i5 i5-4330M,Haswell,37,,,2800,2,32,179.2
2013,Intel,Core i7,i7-4558U,Intel Core i7 i7-4558U,Haswell,28,,,2800,2,32,179.2
2014,Intel,Celeron,G1850,Intel Celeron G1850,Haswell,53,,,2900,2,32,185.6
2014,Intel,Pentium,G3450T,Intel Pentium G3450T,Haswell,35,,,2900,2,32,185.6
2013,Intel,Core i3,i3-4130T,Intel Core i3 i3-4130T,Haswell,35,,,2900,2,32,185.6
2014,Intel,Core i5,i5-4210H,Intel Core i5 i5-4210H,Haswell,47,,,2900,2,32,185.6
2014,Intel,Core i5,i5-4340M,Intel Core i5 i5-4340M,Haswell,37,,,2900,2,32,185.6
2013,Intel,Core i5,i5-4570T,Intel Core i5 i5-4570T,Haswell,35,,,2900,2,32,185.6
2013,Intel,Core i7,i7-4600M,Intel Core i7 i7-4600M,Haswell,37,,,2900,2,32,185.6
2013,Intel,Pentium,G3220,Intel Pentium G3220,Haswell,53,,,3000,2,32,192
2014,Intel,Core i3,i3-4150T,Intel Core i3 i3-4150T,Haswell,35,,,3000,2,32,192
2013,Intel,Core i3,i3-4330T,Intel Core i3 i3-4330T,Haswell,35,,,3000,2,32,192
2014,Intel,Core i7,i7-4578U,Intel Core i7 i7-4578U,Haswell,28,,,3000,2,32,192
2014,Intel,Core i7,i7-4610M,Intel Core i7 i7-4610M,Haswell,37,,,3000,2,32,192
2014,Intel,Pentium,G3240,Intel Pentium G3240,Haswell,53,,,3100,2,32,198.4
2014,Intel,Core i3,i3-4160T,Intel Core i3 i3-4160T,Haswell,35,,,3100,2,32,198.4
2013,Intel,Core i7,i7-4850EQ,Intel Core i7 i7-4850EQ,Crystal Well,47,,,1600,4,32,204.8
2014,Intel,Pentium,G3250,Intel Pentium G3250,Haswell,53,,,3200,2,32,204.8
2014,Intel,Pentium,G3258,Intel Pentium G3258,Haswell,53,,,3200,2,32,204.8
2014,Intel,Core i3,i3-4360T,Intel Core i3 i3-4360T,Haswell,35,,,3200,2,32,204.8
2013,Intel,Pentium,G3430,Intel Pentium G3430,Haswell,53,,,3300,2,32,211.2
2014,Intel,Pentium,G3440,Intel Pentium G3440,Haswell,53,,,3300,2,32,211.2
2014,Intel,Pentium,G3450,Intel Pentium G3450,Haswell,53,,,3400,2,32,217.6
2013,Intel,Core i3,i3-4130,Intel Core i3 i3-4130,Haswell,54,,,3400,2,32,217.6
2014,Intel,Pentium,G3460,Intel Pentium G3460,Haswell,53,,,3500,2,32,224
2014,Intel,Core i3,i3-4150,Intel Core i3 i3-4150,Haswell,54,,,3500,2,32,224
2013,Intel,Xeon,E3-1230L v3,Intel Xeon E3-1230L v3,Haswell,25,,,1800,4,32,230.4
2014,Intel,,E3-1284L v3,Intel  E3-1284L v3,Crystal Well,47,,,1800,4,32,230.4
2013,Intel,Core i7,i7-4860EQ,Intel Core i7 i7-4860EQ,Crystal Well,47,,,1800,4,32,230.4
2014,Intel,Core i3,i3-4160,Intel Core i3 i3-4160,Haswell,54,,,3600,2,32,230.4
2013,Intel,Core i3,i3-4340,Intel Core i3 i3-4340,Haswell,54,,,3600,2,32,230.4
2014,Intel,Core i3,i3-4350,Intel Core i3 i3-4350,Haswell,54,,,3600,2,32,230.4
2014,Intel,Core i5,i5-4460T,Intel Core i5 i5-4460T,Haswell,35,,,1900,4,32,243.2
2014,Intel,Core i3,i3-4370,Intel Core i3 i3-4370,Haswell,54,,,3800,2,32,243.2
2014,Intel,Xeon,E3-1240L v3,Intel Xeon E3-1240L v3,Haswell,25,,,2000,4,32,256
2013,Intel,Core i7,i7-4750HQ,Intel Core i7 i7-4750HQ,Crystal Well,47,,,2000,4,32,256
2013,Intel,Core i7,i7-4765T,Intel Core i7 i7-4765T,Haswell,35,,,2000,4,32,256
2014,Intel,Core i7,i7-4760HQ,Intel Core i7 i7-4760HQ,Crystal Well,47,,,2100,4,32,268.8
2013,Intel,Core i7,i7-4702HQ,Intel Core i7 i7-4702HQ,Haswell,37,,,2200,4,32,281.6
2013,Intel,Core i7,i7-4702MQ,Intel Core i7 i7-4702MQ,Haswell,37,,,2200,4,32,281.6
2014,Intel,Core i7,i7-4770HQ,Intel Core i7 i7-4770HQ,Crystal Well,47,,,2200,4,32,281.6
2014,Intel,Core i7,i7-4785T,Intel Core i7 i7-4785T,Haswell,35,,,2200,4,32,281.6
2013,Intel,Core i5,i5-4670T,Intel Core i5 i5-4670T,Haswell,45,,,2300,4,32,294.4
2014,Intel,Core i7,i7-4712HQ,Intel Core i7 i7-4712HQ,Haswell,37,,,2300,4,32,294.4
2014,Intel,Core i7,i7-4712MQ,Intel Core i7 i7-4712MQ,Haswell,37,,,2300,4,32,294.4
2013,Intel,Core i7,i7-4850HQ,Intel Core i7 i7-4850HQ,Crystal Well,47,,,2300,4,32,294.4
2013,Intel,Core i7,i7-4700HQ,Intel Core i7 i7-4700HQ,Haswell,47,,,2400,4,32,307.2
2013,Intel,Core i7,i7-4700MQ,Intel Core i7 i7-4700MQ,Haswell,47,,,2400,4,32,307.2
2013,Intel,Core i7,i7-4701EQ,Intel Core i7 i7-4701EQ,Haswell,47,,,2400,4,32,307.2
2014,Intel,Core i7,i7-4860HQ,Intel Core i7 i7-4860HQ,Crystal Well,47,,,2400,4,32,307.2
2013,Intel,Core i7,i7-4950HQ,Intel Core i7 i7-4950HQ,Crystal Well,47,,,2400,4,32,307.2
2014,Intel,Xeon,E5-2603 v3,Intel Xeon E5-2603 v3,Haswell,85,,,1600,6,32,307.2
2013,Intel,Xeon,E3-1265L v3,Intel Xeon E3-1265L v3,Haswell,45,,,2500,4,32,320
2014,Intel,Core i5,i5-4690T,Intel Core i5 i5-4690T,Haswell,45,,,2500,4,32,320
2014,Intel,Core i7,i7-4710HQ,Intel Core i7 i7-4710HQ,Haswell,47,,,2500,4,32,320
2014,Intel,Core i7,i7-4710MQ,Intel Core i7 i7-4710MQ,Haswell,47,,,2500,4,32,320
2013,Intel,Core i7,i7-4770T,Intel Core i7 i7-4770T,Haswell,45,,,2500,4,32,320
2014,Intel,Core i7,i7-4870HQ,Intel Core i7 i7-4870HQ,Crystal Well,47,,,2500,4,32,320
2013,Intel,Core i7,i7-4960HQ,Intel Core i7 i7-4960HQ,Crystal Well,47,,,2600,4,32,332.8
2014,Intel,Xeon,E3-1275L v3,Intel Xeon E3-1275L v3,Haswell,45,,,2700,4,32,345.6
2013,Intel,Core i5,i5-4430S,Intel Core i5 i5-4430S,Haswell,65,,,2700,4,32,345.6
2013,Intel,Core i5,i5-4570R,Intel Core i5 i5-4570R,Crystal Well,65,,,2700,4,32,345.6
2014,Intel,Core i7,i7-4790T,Intel Core i7 i7-4790T,Haswell,45,,,2700,4,32,345.6
2013,Intel,Core i7,i7-4800MQ,Intel Core i7 i7-4800MQ,Haswell,47,,,2700,4,32,345.6
2014,Intel,,E5-1603 v3,Intel  E5-1603 v3,Haswell,140,,,2800,4,32,358.4
2013,Intel,Core i5,i5-4440S,Intel Core i5 i5-4440S,Haswell,65,,,2800,4,32,358.4
2014,Intel,Core i7,i7-4810MQ,Intel Core i7 i7-4810MQ,Haswell,47,,,2800,4,32,358.4
2013,Intel,Core i7,i7-4900MQ,Intel Core i7 i7-4900MQ,Haswell,47,,,2800,4,32,358.4
2014,Intel,Core i7,i7-4980HQ,Intel Core i7 i7-4980HQ,Crystal Well,47,,,2800,4,32,358.4
2014,Intel,Core i5,i5-4460S,Intel Core i5 i5-4460S,Haswell,65,,,2900,4,32,371.2
2014,Intel,Core i7,i7-4910MQ,Intel Core i7 i7-4910MQ,Haswell,47,,,2900,4,32,371.2
2014,Intel,Xeon,E5-2623 v3,Intel Xeon E5-2623 v3,Haswell,105,,,3000,4,32,384
2013,Intel,Core i5,i5-4430,Intel Core i5 i5-4430,Haswell,84,,,3000,4,32,384
2013,Intel,Core i5,i5-4670R,Intel Core i5 i5-4670R,Crystal Well,65,,,3000,4,32,384
2013,Intel,Core i7 Extreme,i7-4930MX,Intel Core i7 Extreme i7-4930MX,Haswell,57,,,3000,4,32,384
2013,Intel,Xeon,E3-1220 v3,Intel Xeon E3-1220 v3,Haswell,80,,,3100,4,32,396.8
2013,Intel,Xeon,E3-1285L v3,Intel Xeon E3-1285L v3,Haswell,65,,,3100,4,32,396.8
2014,Intel,,E5-1607 v3,Intel  E5-1607 v3,Haswell,140,,,3100,4,32,396.8
2013,Intel,Core i5,i5-4440,Intel Core i5 i5-4440,Haswell,84,,,3100,4,32,396.8
2013,Intel,Core i5,i5-4670S,Intel Core i5 i5-4670S,Haswell,65,,,3100,4,32,396.8
2014,Intel,Core i7 Extreme,i7-4940MX,Intel Core i7 Extreme i7-4940MX,Haswell,57,,,3100,4,32,396.8
2014,Intel,Xeon,E3-1286L v3,Intel Xeon E3-1286L v3,Haswell,65,,,3200,4,32,409.6
2014,Intel,Core i5,i5-4460,Intel Core i5 i5-4460,Haswell,84,,,3200,4,32,409.6
2013,Intel,Core i5,i5-4570,Intel Core i5 i5-4570,Haswell,84,,,3200,4,32,409.6
2014,Intel,Core i5,i5-4690S,Intel Core i5 i5-4690S,Haswell,65,,,3200,4,32,409.6
2013,Intel,Core i7,i7-4770R,Intel Core i7 i7-4770R,Crystal Well,65,,,3200,4,32,409.6
2014,Intel,Xeon,E3-1226 v3,Intel Xeon E3-1226 v3,Haswell,84,,,3300,4,32,422.4
2013,Intel,Xeon,E3-1230 v3,Intel Xeon E3-1230 v3,Haswell,80,,,3300,4,32,422.4
2014,Intel,Core i5,i5-4590,Intel Core i5 i5-4590,Haswell,84,,,3300,4,32,422.4
2014,Intel,Xeon,E3-1231 v3,Intel Xeon E3-1231 v3,Haswell,80,,,3400,4,32,435.2
2013,Intel,Xeon,E3-1240 v3,Intel Xeon E3-1240 v3,Haswell,80,,,3400,4,32,435.2
2013,Intel,Xeon,E3-1245 v3,Intel Xeon E3-1245 v3,Haswell,84,,,3400,4,32,435.2
2013,Intel,Core i5,i5-4670,Intel Core i5 i5-4670,Haswell,84,,,3400,4,32,435.2
2013,Intel,Core i5,i5-4670K,Intel Core i5 i5-4670K,Haswell,84,,,3400,4,32,435.2
2013,Intel,Core i7,i7-4770,Intel Core i7 i7-4770,Haswell,84,,,3400,4,32,435.2
2014,Intel,Xeon,E3-1241 v3,Intel Xeon E3-1241 v3,Haswell,80,,,3500,4,32,448
2014,Intel,Xeon,E3-1246 v3,Intel Xeon E3-1246 v3,Haswell,84,,,3500,4,32,448
2013,Intel,Xeon,E3-1270v3,Intel Xeon E3-1270v3,Haswell,80,1400,160,3500,4,32,448
2014,Intel,Xeon,E5-1620 v3,Intel Xeon E5-1620 v3,Haswell,140,,,3500,4,32,448
2014,Intel,Xeon,E5-2637 v3,Intel Xeon E5-2637 v3,Haswell,135,,,3500,4,32,448
2014,Intel,Core i5,i5-4690,Intel Core i5 i5-4690,Haswell,84,,,3500,4,32,448
2014,Intel,Core i5,i5-4690K,Intel Core i5 i5-4690K,Devil's Canyon,88,,,3500,4,32,448
2013,Intel,Core i7,i7-4770K,Intel Core i7 i7-4770K,Haswell,84,,,3500,4,32,448
2013,Intel,Core i7,i7-4771,Intel Core i7 i7-4771,Haswell,84,,,3500,4,32,448
2014,Intel,Xeon,E5-2630L v3,Intel Xeon E5-2630L v3,Haswell,55,,,1800,8,32,460.8
2014,Intel,Xeon,E3-1271 v3,Intel Xeon E3-1271 v3,Haswell,80,,,3600,4,32,460.8
2014,Intel,Xeon,E3-1276 v3,Intel Xeon E3-1276 v3,Haswell,84,,,3600,4,32,460.8
2013,Intel,Xeon,E3-1280 v3,Intel Xeon E3-1280 v3,Haswell,82,,,3600,4,32,460.8
2013,Intel,Xeon,E3-1285 v3,Intel Xeon E3-1285 v3,Haswell,84,,,3600,4,32,460.8
2014,Intel,Core i7,i7-4790,Intel Core i7 i7-4790,Haswell,84,,,3600,4,32,460.8
2014,Intel,Xeon,E3-1281 v3,Intel Xeon E3-1281 v3,Haswell,82,,,3700,4,32,473.6
2014,Intel,Xeon,E3-1286 v3,Intel Xeon E3-1286 v3,Haswell,84,,,3700,4,32,473.6
2014,Intel,Xeon,E5-1630 v3,Intel Xeon E5-1630 v3,Haswell,140,,,3700,4,32,473.6
2014,Intel,Core i7,i7-4790K,Intel Core i7 i7-4790K,Devil's Canyon,88,,,4000,4,32,512
,Intel,Core i7,i7-7700K,Intel Core i7 i7-7700K,Kaby Lake,,,,4200,4,32,537.6
2014,Intel,Xeon,E5-2630 v3,Intel Xeon E5-2630 v3,Haswell,85,,,2400,8,32,614.4
2014,Intel,Xeon,E5-2643 v3,Intel Xeon E5-2643 v3,Haswell,135,,,3400,6,32,652.8
2014,Intel,Xeon,E5-1650 v3,Intel Xeon E5-1650 v3,Haswell,140,,,3500,6,32,672
2014,Intel,Xeon,E5-2650L v3,Intel Xeon E5-2650L v3,Haswell,65,,,1800,12,32,691.2
2014,Intel,Xeon,E5-2650 v3,Intel Xeon E5-2650 v3,Haswell,105,,,2300,10,32,736
2014,Intel,Xeon,E5-1660 v3,Intel Xeon E5-1660 v3,Haswell,140,,,3000,8,32,768
2014,Intel,Xeon,E5-1680 v3,Intel Xeon E5-1680 v3,Haswell,140,,,3200,8,32,819.2
2014,Intel,Xeon,E5-2667 v3,Intel Xeon E5-2667 v3,Haswell,135,,,3200,8,32,819.2
2014,Intel,Xeon,E5-2660 v3,Intel Xeon E5-2660 v3,Haswell,105,,,2600,10,32,832
2014,Intel,Xeon,E5-2670 v3,Intel Xeon E5-2670 v3,Haswell,120,,,2300,12,32,883.2
2014,Intel,Xeon,E5-2683 v3,Intel Xeon E5-2683 v3,Haswell,120,,,2000,14,32,896
2014,Intel,Xeon,E5-2687W v3,Intel Xeon E5-2687W v3,Haswell,160,,,3100,10,32,992
2014,Intel,Xeon,E5-2685 v3,Intel Xeon E5-2685 v3,Haswell,120,,,2600,12,32,998.4
2014,Intel,Xeon,E5-2690 v3,Intel Xeon E5-2690 v3,Haswell,135,,,2600,12,32,998.4
2014,Intel,Xeon,E5-2695 v3,Intel Xeon E5-2695 v3,Haswell,120,,,2300,14,32,1030.4
2014,Intel,Xeon,E5-2697 v3,Intel Xeon E5-2697 v3,Haswell,145,,,2600,14,32,1164.8
2014,Intel,Xeon,E5-2698 v3,Intel Xeon E5-2698 v3,Haswell,135,,,2300,16,32,1177.6
2014,Intel,Xeon,E5-2699 v3,Intel Xeon E5-2699 v3,Haswell,145,,,2300,18,32,1324.8
2013,Intel,Xeon Phi Coprocessors,3120A,Intel Xeon Phi Coprocessors 3120A,Knights Corner,300,,,1100,57,32,2006.4
2013,Intel,Xeon Phi Coprocessors,3120P,Intel Xeon Phi Coprocessors 3120P,Knights Corner,300,,,1100,57,32,2006.4
2013,Intel,,31S1P,Intel  31S1P,Knights Corner,300,,,1100,57,32,2006.4
2012,Intel,Xeon Phi Coprocessors,5110P,Intel Xeon Phi Coprocessors 5110P,Knights Corner,225,,,1053,60,32,2021.76
2013,Intel,Xeon Phi Coprocessors,5120D,Intel Xeon Phi Coprocessors 5120D,Knights Corner,245,,,1053,60,32,2021.76
2014,Intel,Xeon Phi Coprocessors,7120A,Intel Xeon Phi Coprocessors 7120A,Knights Corner,300,,,1238,61,32,2416.576
2014,Intel,Xeon Phi Coprocessors,7120D,Intel Xeon Phi Coprocessors 7120D,Knights Corner,270,,,1238,61,32,2416.576
2013,Intel,Xeon Phi Coprocessors,7120P,Intel Xeon Phi Coprocessors 7120P,Knights Corner,300,,,1238,61,32,2416.576
2013,Intel,Xeon Phi Coprocessors,7120X,Intel Xeon Phi Coprocessors 7120X,Knights Corner,300,,,1238,61,32,2416.576
,Intel,Celeron M,333,Intel Celeron M 333,Banias,7,77,83,900,1,,
,Intel,Celeron M,353,Intel Celeron M 353,Dothan,5,144,87,900,1,,
,Intel,Itanium 2,900,Intel Itanium 2 900,Madison,90,410,374,900,1,,
,Intel,Itanium 2,1000,Intel Itanium 2 1000,Madison,100,410,374,1000,1,,
,Intel,Celeron M,383,Intel Celeron M 383,Dothan,5.5,144,87,1000,1,,
,Intel,Pentium M,723,Intel Pentium M 723,Dothan,5,144,87,1000,1,,
2010,Intel,Atom,E645C,Intel Atom E645C,Stellarton,7,,,1000,1,,
2010,Intel,Atom,E645CT,Intel Atom E645CT,Stellarton,7,,,1000,1,,
,Intel,Core,U1300,Intel Core U1300,Yonah,6,151,90,1060,1,,
,Intel,Core Solo,U1300,Intel Core Solo U1300,Yonah,6,151,90,1060,1,,
,Intel,Core,U2400,Intel Core U2400,Yonah,9,151,90,1060,2,,
,Intel,Core Duo,U2400,Intel Core Duo U2400,Yonah,9,151,90,1060,2,,
,Intel,Pentium M,713,Intel Pentium M 713,Banias,7,77,83,1100,1,,
,Intel,Pentium M,733,Intel Pentium M 733,Dothan,5,144,87,1100,1,,
,Intel,Pentium,1405,Intel Pentium 1405,Sandy Bridge-EN,40,,,1200,2,,
,Intel,Celeron M,310,Intel Celeron M 310,Banias,24.5,77,83,1200,1,,
,Intel,Celeron M,443,Intel Celeron M 443,Yonah,5.5,151,90,1200,1,,
,Intel,Pentium M,753,Intel Pentium M 753,Dothan,5.5,144,87,1200,1,,
,Intel,Core,U1400,Intel Core U1400,Yonah,6,151,90,1200,1,,
,Intel,Core Solo,U1400,Intel Core Solo U1400,Yonah,6,151,90,1200,1,,
2013,Intel,Atom,Z2420,Intel Atom Z2420,Penwell,,,,1200,1,,
2013,Intel,Atom,Z2520,Intel Atom Z2520,Cloverview,,,,1200,2,,
,Intel,Itanium 2,1300,Intel Itanium 2 1300,Madison,97,410,374,1300,1,,
,Intel,Celeron M,350,Intel Celeron M 350,Dothan,21,144,87,1300,1,,
,Intel,Pentium M,718,Intel Pentium M 718,Banias,12,77,83,1300,1,,
,Intel,Pentium M,773,Intel Pentium M 773,Dothan,5.5,144,87,1300,1,,
2010,Intel,Atom,E660,Intel Atom E660,Tunnel Creek,3.6,,,1300,1,,
2010,Intel,Atom,E665,Intel Atom E665,Stellarton,7,,,1300,1,,
2010,Intel,Atom,E665C,Intel Atom E665C,Stellarton,7,,,1300,1,,
2010,Intel,Atom,E665CT,Intel Atom E665CT,Stellarton,7,,,1300,1,,
2010,Intel,Itanium,9320,Intel Itanium 9320,Tukwila,155,,,1330,4,,
,Intel,Core,U1500,Intel Core U1500,Yonah,5.5,151,90,1330,1,,
,Intel,Core Solo,U1500,Intel Core Solo U1500,Yonah,5.5,151,90,1330,1,,
,Intel,Itanium 2,1400,Intel Itanium 2 1400,Madison,91,410,374,1400,1,,
,Intel,Celeron M,330,Intel Celeron M 330,Banias,24.5,77,83,1400,1,,
,Intel,Celeron M,360,Intel Celeron M 360,Dothan,21,144,87,1400,1,,
,Intel,Itanium 2,9015,Intel Itanium 2 9015,Montecito,104,1720,596,1400,2,,
,Intel,Itanium,9020,Intel Itanium 9020,Montecito,104,1720,596,1420,2,,
,Intel,Itanium 2,9020,Intel Itanium 2 9020,Montecito,104,1720,596,1420,2,,
,Intel,Itanium 2,9120N,Intel Itanium 2 9120N,Montvale,104,1720,596,1420,2,,
,Intel,Celeron M,410,Intel Celeron M 410,Yonah,27,151,90,1460,1,,
2010,Intel,Itanium,9330,Intel Itanium 9330,Tukwila,155,,,1460,4,,
,Intel,Itanium 2,1500,Intel Itanium 2 1500,Madison,107,410,374,1500,1,,
,Intel,Celeron M,340,Intel Celeron M 340,Banias,24.5,77,83,1500,1,,
,Intel,Pentium M,705,Intel Pentium M 705,Banias,24.5,77,83,1500,1,,
,Intel,Pentium M,715,Intel Pentium M 715,Dothan,21,144,87,1500,1,,
,Intel,Pentium M,758,Intel Pentium M 758,Dothan,7.5,144,87,1500,1,,
,Intel,Core,L2300,Intel Core L2300,Yonah,15,151,90,1500,2,,
,Intel,Core Duo,L2300,Intel Core Duo L2300,Yonah,15,151,90,1500,2,,
2010,Intel,Atom,N550,Intel Atom N550,Pineview,8.5,176,87,1500,2,,
,Intel,Itanium 2,1600,Intel Itanium 2 1600,Madison,122,592,432,1600,1,,
2008,Intel,Atom,230,Intel Atom 230,Diamondville,4,47,26,1600,1,,
2008,Intel,Atom,330,Intel Atom 330,Diamondville,8,94,52,1600,2,,
,Intel,Celeron M,380,Intel Celeron M 380,Dothan,21,144,87,1600,1,,
,Intel,Celeron M,420,Intel Celeron M 420,Yonah,27,151,90,1600,1,,
,Intel,Xeon,5113,Intel Xeon 5113,Woodcrest,40,291,143,1600,2,,
2009,Intel,Core i7,720QM,Intel Core i7 720QM,Clarksfield,45,774,296,1600,4,,
,Intel,Pentium M,725,Intel Pentium M 725,Dothan,21,144,87,1600,1,,
,Intel,Pentium M,730,Intel Pentium M 730,Dothan,27,144,87,1600,1,,
,Intel,Pentium M,778,Intel Pentium M 778,Dothan,10,144,87,1600,1,,
,Intel,Itanium,9010,Intel Itanium 9010,Montecito,104,1720,596,1600,2,,
,Intel,Itanium 2,9010,Intel Itanium 2 9010,Montecito,104,1720,596,1600,2,,
,Intel,Itanium,9030,Intel Itanium 9030,Montecito,104,1720,596,1600,2,,
,Intel,Itanium 2,9030,Intel Itanium 2 9030,Montecito,104,1720,596,1600,2,,
,Intel,Itanium,9040,Intel Itanium 9040,Montecito,104,1720,596,1600,2,,
,Intel,Itanium 2,9040,Intel Itanium 2 9040,Montecito,104,1720,596,1600,2,,
,Intel,Itanium,9050,Intel Itanium 9050,Montecito,104,1720,596,1600,2,,
,Intel,Itanium 2,9050,Intel Itanium 2 9050,Montecito,104,1720,596,1600,2,,
,Intel,Itanium 2,9110N,Intel Itanium 2 9110N,Montvale,75,1720,596,1600,1,,
,Intel,Itanium 2,9140N,Intel Itanium 2 9140N,Montvale,104,1720,596,1600,2,,
,Intel,Itanium 2,9150N,Intel Itanium 2 9150N,Montvale,104,1720,596,1600,2,,
2010,Intel,Itanium,9310,Intel Itanium 9310,Tukwila,130,,,1600,2,,
2010,Intel,Itanium,9340,Intel Itanium 9340,Tukwila,185,,,1600,4,,
2008,Intel,Celeron,E1200,Intel Celeron E1200,Conroe,65,105,77,1600,2,,
2009,Intel,Core i7,i7-720QM,Intel Core i7 i7-720QM,Clarksfield,45,774,296,1600,4,,
2008,Intel,Atom,N270,Intel Atom N270,Diamondville,,,,1600,1,,
2012,Intel,Atom,S1220,Intel Atom S1220,Centerton,8.1,,,1600,2,,
2012,Intel,Atom,S1240,Intel Atom S1240,Centerton,6.1,,,1600,2,,
,Intel,Atom,S1269,Intel Atom S1269,Briarwood,11.7,,,1600,2,,
,Intel,Atom,S1279,Intel Atom S1279,Briarwood,13.1,,,1600,2,,
,Intel,Core,T2050,Intel Core T2050,Yonah,31,151,90,1600,2,,
,Intel,Core Duo,T2050,Intel Core Duo T2050,Yonah,31,151,90,1600,2,,
2012,Intel,Atom,Z2460,Intel Atom Z2460,Penwell,,,,1600,1,,
,Intel,Itanium 2,9130M,Intel Itanium 2 9130M,Montvale,104,1720,596,1660,2,,
,Intel,Itanium 2,9140M,Intel Itanium 2 9140M,Montvale,104,1720,596,1660,2,,
,Intel,Itanium 2,9150M,Intel Itanium 2 9150M,Montvale,104,1720,596,1660,2,,
,Intel,Itanium 2,9152M,Intel Itanium 2 9152M,Montvale,104,1720,596,1660,2,,
2009,Intel,Atom,N280,Intel Atom N280,Diamondville,2.5,47,26,1660,1,,
2011,Intel,Atom,N570,Intel Atom N570,Pineview,8.5,176,87,1660,2,,
,Intel,Core,T1300,Intel Core T1300,Yonah,27,151,90,1660,1,,
,Intel,Core Solo,T1300,Intel Core Solo T1300,Yonah,27,151,90,1660,1,,
,Intel,Core,T2300,Intel Core T2300,Yonah,31,151,90,1660,2,,
,Intel,Core Duo,T2300,Intel Core Duo T2300,Yonah,31,151,90,1660,2,,
,Intel,Core,T2300E,Intel Core T2300E,Yonah,31,151,90,1660,2,,
,Intel,Core Duo,T2300E,Intel Core Duo T2300E,Yonah,31,151,90,1660,2,,
2009,Intel,Atom,N450,Intel Atom N450,Pineview,2.5,,,1666,1,,
2009,Intel,Atom,D510,Intel Atom D510,Pineview,13,,,1667,2,,
,Intel,Celeron M,390,Intel Celeron M 390,Dothan,21,144,87,1700,1,,
,Intel,Pentium M,735,Intel Pentium M 735,Dothan,21,144,87,1700,1,,
2013,Intel,Atom,C2350,Intel Atom C2350,Avoton,6,,,1700,2,,
2013,Intel,Atom,C2530,Intel Atom C2530,Avoton,9,,,1700,4,,
2013,Intel,Atom,C2730,Intel Atom C2730,Avoton,12,,,1700,8,,
,Intel,Celeron M,430,Intel Celeron M 430,Yonah,27,151,90,1730,1,,
,Intel,Pentium M,740,Intel Pentium M 740,Dothan,27,144,87,1730,1,,
2010,Intel,Itanium,9350,Intel Itanium 9350,Tukwila,185,,,1730,4,,
2012,Intel,Itanium,9520,Intel Itanium 9520,Poulson,130,,,1730,4,,
2010,Intel,Xeon,E6510,Intel Xeon E6510,Nehalem EX,105,,,1730,4,,
2011,Intel,Xeon,E7-2803,Intel Xeon E7-2803,Westmere EX,105,,,1730,6,,
2010,Intel,Core i7,i7-740QM,Intel Core i7 i7-740QM,Clarksfield,45,774,296,1730,4,,
2009,Intel,Core i7,i7-820QM,Intel Core i7 i7-820QM,Clarksfield,45,774,296,1730,4,,
,Intel,Core,T1250,Intel Core T1250,Yonah,31,151,90,1730,1,,
,Intel,Core Solo,T1250,Intel Core Solo T1250,Yonah,31,151,90,1730,1,,
,Intel,Core,T2250,Intel Core T2250,Yonah,31,151,90,1730,2,,
,Intel,Core Duo,T2250,Intel Core Duo T2250,Yonah,31,151,90,1730,2,,
,Intel,Pentium M,745A,Intel Pentium M 745A,Dothan,21,144,87,1800,1,,
2010,Intel,Atom,D525,Intel Atom D525,Pineview,13,,,1800,2,,
2012,Intel,Xeon,E5-2603,Intel Xeon E5-2603,Sandy Bridge EP,80,,,1800,4,,
2012,Intel,Xeon,E5-2650L,Intel Xeon E5-2650L,Sandy Bridge EP,70,,,1800,8,,
2012,Intel,Atom,Z2760,Intel Atom Z2760,Cloverview,,,,1800,2,,
,Intel,Core,L2500,Intel Core L2500,Yonah,15,151,90,1830,2,,
,Intel,Core Duo,L2500,Intel Core Duo L2500,Yonah,15,151,90,1830,2,,
2010,Intel,Atom,N470,Intel Atom N470,Pineview,6.5,123,66,1830,1,,
2010,Intel,Atom,N475,Intel Atom N475,Pineview,6.5,123,66,1830,1,,
,Intel,Core,T1400,Intel Core T1400,Yonah,27,151,90,1830,1,,
,Intel,Core Solo,T1400,Intel Core Solo T1400,Yonah,27,151,90,1830,1,,
,Intel,Core,T2400,Intel Core T2400,Yonah,31,151,90,1830,2,,
,Intel,Celeron,445,Intel Celeron 445,Conroe,65,105,77,1860,1,,
,Intel,Pentium M,750,Intel Pentium M 750,Dothan,27,144,87,1860,1,,
2011,Intel,Atom,D2500,Intel Atom D2500,Cedarview,10,,,1860,2,,
,Intel,Core 2 Duo,E6320,Intel Core 2 Duo E6320,Conroe,65,291,143,1860,2,,
2011,Intel,Xeon,E7-4807,Intel Xeon E7-4807,Westmere EX,95,,,1860,6,,
2010,Intel,Core i7,i7-840QM,Intel Core i7 i7-840QM,Clarksfield,45,774,296,1860,4,,
2008,Intel,Xeon,L5215,Intel Xeon L5215,Wolfdale,20,410,107,1860,2,,
,Intel,Core,T1350,Intel Core T1350,Yonah,31,151,90,1860,1,,
,Intel,Core Solo,T1350,Intel Core Solo T1350,Yonah,31,151,90,1860,1,,
,Intel,Core,T2350,Intel Core T2350,Yonah,31,151,90,1860,2,,
,Intel,Core Duo,T2350,Intel Core Duo T2350,Yonah,31,151,90,1860,2,,
,Intel,Core 2 Duo,E6305,Intel Core 2 Duo E6305,Conroe,65,,,1866,2,,
2010,Intel,Xeon,E7520,Intel Xeon E7520,Nehalem EX,95,,,1866,4,,
2010,Intel,Xeon,E7530,Intel Xeon E7530,Nehalem EX,105,,,1866,6,,
2010,Intel,Xeon,L7545,Intel Xeon L7545,Nehalem EX,95,,,1866,6,,
2010,Intel,Xeon,L7555,Intel Xeon L7555,Nehalem EX,95,,,1866,8,,
,Intel,Celeron,440,Intel Celeron 440,Conroe-L,,,,2000,1,,
,Intel,Celeron M,450,Intel Celeron M 450,Yonah,27,151,90,2000,1,,
,Intel,Pentium M,755,Intel Pentium M 755,Dothan,21,144,87,2000,1,,
,Intel,Pentium M,760,Intel Pentium M 760,Dothan,,,,2000,1,,
2012,Intel,Atom,D2560,Intel Atom D2560,Cedarview,10,,,2000,2,,
2008,Intel,Celeron,E1400,Intel Celeron E1400,Conroe,65,105,77,2000,2,,
,Intel,Core 2 Duo,E4400,Intel Core 2 Duo E4400,Conroe,65,167,111,2000,2,,
,Intel,Xeon,E5-2620,Intel Xeon E5-2620,Sandy Bridge-EP,95,,,2000,8,,
2012,Intel,Xeon,E5-2630L,Intel Xeon E5-2630L,Sandy Bridge EP,60,,,2000,6,,
2013,Intel,Xeon,E5-2640 v2,Intel Xeon E5-2640 v2,,95,1400,160,2000,8,,
2012,Intel,Xeon,E5-2650,Intel Xeon E5-2650,Sandy Bridge EP,95,,,2000,8,,
2012,Intel,Xeon,E5-4603,Intel Xeon E5-4603,Sandy Bridge EP,95,,,2000,4,,
2009,Intel,Xeon,E5504,Intel Xeon E5504,Nehalem-EP,80,,263,2000,4,,
2010,Intel,Xeon,E6540,Intel Xeon E6540,Nehalem EX,105,,,2000,6,,
2011,Intel,Xeon,E7-2820,Intel Xeon E7-2820,Westmere EX,105,,,2000,8,,
2011,Intel,Xeon,E7-2850,Intel Xeon E7-2850,Westmere EX,130,,,2000,10,,
2011,Intel,Xeon,E7-4820,Intel Xeon E7-4820,Westmere EX,105,,,2000,8,,
2011,Intel,Xeon,E7-4850,Intel Xeon E7-4850,Westmere EX,130,,,2000,10,,
2011,Intel,Xeon,E7-8850,Intel Xeon E7-8850,Westmere EX,130,,,2000,10,,
2010,Intel,Xeon,E7540,Intel Xeon E7540,Nehalem EX,105,,,2000,6,,
2009,Intel,Core i7 Extreme,i7-920XM,Intel Core i7 Extreme i7-920XM,Clarksfield,55,774,296,2000,4,,
2012,Intel,Atom,S1260,Intel Atom S1260,Centerton,8.5,,,2000,2,,
,Intel,Atom,S1289,Intel Atom S1289,Briarwood,14.1,,,2000,2,,
,Intel,Core,T2450,Intel Core T2450,Yonah,31,151,90,2000,2,,
,Intel,Core Duo,T2450,Intel Core Duo T2450,Yonah,31,151,90,2000,2,,
,Intel,Core Duo,T2500,Intel Core Duo T2500,Yonah,,,,2000,2,,
2010,Intel,Xeon,X6550,Intel Xeon X6550,Nehalem EX,130,,,2000,8,,
2010,Intel,Xeon,X7550,Intel Xeon X7550,Nehalem EX,130,,,2000,8,,
2012,Intel,Atom,Z2480,Intel Atom Z2480,Penwell,,,,2000,1,,
,Intel,Pentium M,765,Intel Pentium M 765,Dothan,21,144,87,2100,1,,
,Intel,Celeron D,310,Intel Celeron D 310,Prescott,73,125,112,2130,1,,
,Intel,Pentium M,770,Intel Pentium M 770,Dothan,27,144,87,2130,1,,
2012,Intel,Itanium,9540,Intel Itanium 9540,Poulson,170,,,2130,8,,
2011,Intel,Atom,D2700,Intel Atom D2700,Cedarview,10,,,2130,2,,
,Intel,Core 2 Duo,E6420,Intel Core 2 Duo E6420,Conroe,65,291,143,2130,2,,
2011,Intel,Xeon,E7-2830,Intel Xeon E7-2830,Westmere EX,105,,,2130,8,,
2011,Intel,Xeon,E7-4830,Intel Xeon E7-4830,Westmere EX,105,,,2130,8,,
2011,Intel,Xeon,E7-8830,Intel Xeon E7-8830,Westmere EX,105,,,2130,8,,
2011,Intel,Xeon,E7-8867L,Intel Xeon E7-8867L,Westmere EX,105,,,2130,10,,
2008,Intel,Xeon,E7420,Intel Xeon E7420,Dunnington,90,1900,503,2130,4,,
2008,Intel,Xeon,E7430,Intel Xeon E7430,Dunnington,90,1900,503,2130,4,,
2010,Intel,Core i7 Extreme,i7-940XM,Intel Core i7 Extreme i7-940XM,Clarksfield,55,774,296,2130,4,,
2008,Intel,Xeon,L7445,Intel Xeon L7445,Dunnington,50,1900,503,2130,4,,
2008,Intel,Xeon,L7455,Intel Xeon L7455,Dunnington,65,1900,503,2130,6,,
2014,Intel,Atom,Z3460,Intel Atom Z3460,Merrifield,,,,2130,2,,
2014,Intel,Atom,Z3480,Intel Atom Z3480,Merrifield,,,,2130,2,,
,Intel,Core 2 Duo,E6405,Intel Core 2 Duo E6405,Conroe,65,,,2133,2,,
2008,Intel,Xeon,L5408,Intel Xeon L5408,Harpertown,40,820,214,2133,4,,
,Intel,Core,T2600,Intel Core T2600,Yonah,31,151,90,2160,2,,
2008,Intel,Celeron,450,Intel Celeron 450,Conroe,35,105,77,2200,1,,
,Intel,Xeon,5133,Intel Xeon 5133,Woodcrest,40,291,143,2200,2,,
2009,Intel,Pentium,E2210,Intel Pentium E2210,Wolfdale,65,,,2200,2,,
,Intel,Xeon,E5-2430,Intel Xeon E5-2430,Sandy Bridge-EN,95,,,2200,6,,
2012,Intel,Xeon,E5-2660,Intel Xeon E5-2660,Sandy Bridge EP,95,,,2200,8,,
2012,Intel,Xeon,E5-4607,Intel Xeon E5-4607,Sandy Bridge EP,95,,,2200,6,,
2012,Intel,Xeon,E5-4620,Intel Xeon E5-4620,Sandy Bridge EP,95,,,2200,8,,
,Intel,Celeron D,315,Intel Celeron D 315,Prescott,73,125,112,2260,1,,
,Intel,Celeron D,315J,Intel Celeron D 315J,Prescott,73,125,112,2260,1,,
,Intel,Pentium M,780,Intel Pentium M 780,Dothan,27,144,87,2260,1,,
2011,Intel,Xeon,E7-2860,Intel Xeon E7-2860,Westmere EX,130,,,2260,10,,
2011,Intel,Xeon,E7-4860,Intel Xeon E7-4860,Westmere EX,130,,,2260,10,,
2011,Intel,Xeon,E7-8860,Intel Xeon E7-8860,Westmere EX,130,,,2260,10,,
2008,Intel,Core 2 Duo,P8400,Intel Core 2 Duo P8400,Penryn-3M,25,410,107,2266,2,,
2010,Intel,Xeon,X7560,Intel Xeon X7560,Nehalem EX,130,,,2266,8,,
2012,Intel,Xeon,E5-2630,Intel Xeon E5-2630,Sandy Bridge EP,95,,,2300,6,,
,Intel,Core 2 Duo,E6540,Intel Core 2 Duo E6540,Conroe,65,291,143,2330,2,,
,Intel,Core 2 Duo,E6550,Intel Core 2 Duo E6550,Conroe,65,291,143,2330,2,,
2008,Intel,Xeon,L5410,Intel Xeon L5410,Harpertown,50,820,214,2330,4,,
2008,Intel,Core 2 Quad,Q8200,Intel Core 2 Quad Q8200,Yorkfield,95,456,164,2330,4,,
2008,Intel,Core2,Q8200,Intel Core2 Q8200,Yorkfield,95,456,164,2330,4,,
,Intel,Core 2 Quad,Q8200S,Intel Core 2 Quad Q8200S,Yorkfield,65,456,164,2330,4,,
2009,Intel,Core2,Q8200S,Intel Core2 Q8200S,Yorkfield,65,456,164,2330,4,,
,Intel,Core,T2700,Intel Core T2700,Yonah,31,151,90,2330,2,,
,Intel,Celeron D,320,Intel Celeron D 320,Prescott,73,125,112,2400,1,,
2012,Intel,Itanium,9550,Intel Itanium 9550,Poulson,170,,,2400,4,,
2013,Intel,Atom,C2550,Intel Atom C2550,Avoton,14,,,2400,4,,
2013,Intel,Atom,C2750,Intel Atom C2750,Avoton,20,,,2400,8,,
2009,Intel,Celeron,E1600,Intel Celeron E1600,Conroe,65,105,77,2400,2,,
2008,Intel,Pentium,E2220,Intel Pentium E2220,Conroe,65,105,77,2400,2,,
2009,Intel,Celeron,E3200,Intel Celeron E3200,Wolfdale,65,,82,2400,2,,
2012,Intel,Xeon,E5-2609,Intel Xeon E5-2609,Sandy Bridge EP,80,,,2400,4,,
2012,Intel,Xeon,E5-2665,Intel Xeon E5-2665,Sandy Bridge EP,115,,,2400,8,,
2012,Intel,Xeon,E5-4610,Intel Xeon E5-4610,Sandy Bridge EP,95,,,2400,6,,
2012,Intel,Xeon,E5-4640,Intel Xeon E5-4640,Sandy Bridge EP,95,,,2400,8,,
2011,Intel,Xeon,E7-2870,Intel Xeon E7-2870,Westmere EX,130,,,2400,10,,
2011,Intel,Xeon,E7-4870,Intel Xeon E7-4870,Westmere EX,130,,,2400,10,,
2011,Intel,Xeon,E7-8870,Intel Xeon E7-8870,Westmere EX,130,,,2400,10,,
2008,Intel,Xeon,E7440,Intel Xeon E7440,Dunnington,90,1900,503,2400,4,,
2008,Intel,Xeon,E7450,Intel Xeon E7450,Dunnington,90,1900,503,2400,6,,
2008,Intel,Xeon,L3014,Intel Xeon L3014,Wolfdale,30,228,82,2400,1,,
,Intel,Xeon,7110N,Intel Xeon 7110N,Tulsa,95,1328,435,2500,2,,
2009,Intel,Celeron,E3300,Intel Celeron E3300,Wolfdale,65,,82,2500,2,,
2012,Intel,Xeon,E5-2640,Intel Xeon E5-2640,Sandy Bridge EP,95,,,2500,6,,
2008,Intel,Pentium,E5200,Intel Pentium E5200,Wolfdale,65,228,82,2500,2,,
2008,Intel,Xeon,L5420,Intel Xeon L5420,Harpertown,50,820,214,2500,4,,
2008,Intel,Core 2 Quad,Q8300,Intel Core 2 Quad Q8300,Yorkfield,95,456,164,2500,4,,
2008,Intel,Core2,Q8300,Intel Core2 Q8300,Yorkfield,95,456,164,2500,4,,
2008,Intel,Core 2 Quad,Q9300,Intel Core 2 Quad Q9300,Yorkfield,95,456,164,2500,4,,
2008,Intel,Xeon,X3320,Intel Xeon X3320,Yorkfield,95,456,164,2500,4,,
,Intel,Xeon,X3323,Intel Xeon X3323,Yorkfield,80,456,164,2500,4,,
,Intel,Celeron D,325,Intel Celeron D 325,Prescott,73,125,112,2530,1,,
,Intel,Celeron D,325J,Intel Celeron D 325J,Prescott,84,125,112,2530,1,,
,Intel,Celeron D,326,Intel Celeron D 326,Prescott,84,125,112,2530,1,,
2012,Intel,Itanium,9560,Intel Itanium 9560,Poulson,170,,,2530,8,,
2009,Intel,Xeon,E5540,Intel Xeon E5540,Nehalem-EP,80,,263,2530,4,,
2008,Intel,Core 2 Duo,E7200,Intel Core 2 Duo E7200,Wolfdale,65,228,82,2530,2,,
2008,Intel,Core2,E7200,Intel Core2 E7200,Wolfdale,65,228,82,2530,2,,
2008,Intel,Core 2 Quad Extreme,QX9300,Intel Core 2 Quad Extreme QX9300,Kentsfield,45,820,214,2530,4,,
2010,Intel,Xeon,EC5549,Intel Xeon EC5549,Jasper Forest,85,,,2533,4,,
,Intel,Core 2 Duo,E4700,Intel Core 2 Duo E4700,Conroe,65,167,111,2600,2,,
2008,Intel,Core2,E4700,Intel Core2 E4700,Conroe,65,167,111,2600,2,,
2012,Intel,Xeon,E5-2670,Intel Xeon E5-2670,Sandy Bridge EP,115,,,2600,8,,
2012,Intel,Xeon,E5-4650L,Intel Xeon E5-4650L,Sandy Bridge EP,115,,,2600,8,,
2008,Intel,Pentium,E5300,Intel Pentium E5300,Wolfdale,65,228,82,2600,2,,
,Intel,Celeron D,330,Intel Celeron D 330,Prescott,73,125,112,2660,1,,
,Intel,Celeron D,330J,Intel Celeron D 330J,Prescott,84,125,112,2660,1,,
,Intel,Celeron,331,Intel Celeron 331,Prescott,84,125,112,2660,1,,
,Intel,Celeron D,331,Intel Celeron D 331,Prescott,84,125,112,2660,1,,
,Intel,Xeon,5030,Intel Xeon 5030,Dempsey,95,376,162,2660,2,,
,Intel,Xeon,7020,Intel Xeon 7020,Paxville,165,230,206,2660,2,,
2011,Intel,Xeon,E7-8837,Intel Xeon E7-8837,Westmere EX,130,,,2660,8,,
2008,Intel,Core 2 Duo,E7300,Intel Core 2 Duo E7300,Wolfdale,65,228,82,2660,2,,
2008,Intel,Core2,E7300,Intel Core2 E7300,Wolfdale,65,228,82,2660,2,,
,Intel,Core 2 Duo,E8190,Intel Core 2 Duo E8190,Wolfdale,65,410,107,2660,2,,
2008,Intel,Core 2 Duo,E8200,Intel Core 2 Duo E8200,Wolfdale,65,410,107,2660,2,,
2008,Intel,Xeon,L5430,Intel Xeon L5430,Harpertown,50,820,214,2660,4,,
2009,Intel,Core 2 Quad,Q8400,Intel Core 2 Quad Q8400,Yorkfield,95,456,164,2660,4,,
2009,Intel,Core2,Q8400,Intel Core2 Q8400,Yorkfield,95,456,164,2660,4,,
,Intel,Core 2 Quad,Q8400S,Intel Core 2 Quad Q8400S,Yorkfield,65,456,164,2660,4,,
2009,Intel,Core2,Q8400S,Intel Core2 Q8400S,Yorkfield,65,456,164,2660,4,,
,Intel,Core 2 Quad,Q9400S,Intel Core 2 Quad Q9400S,Yorkfield,65,456,164,2660,4,,
2008,Intel,Core 2 Quad,Q9450,Intel Core 2 Quad Q9450,Yorkfield,95,820,214,2660,4,,
,Intel,Core 2 Extreme,QX6700,Intel Core 2 Extreme QX6700,Kentsfield,130,582,286,2660,4,,
2008,Intel,Xeon,X3330,Intel Xeon X3330,Yorkfield,95,456,164,2660,4,,
2008,Intel,Xeon,X3350,Intel Xeon X3350,Yorkfield,95,820,214,2660,4,,
,Intel,Xeon,X3353,Intel Xeon X3353,Yorkfield,80,820,214,2660,4,,
2008,Intel,Xeon,X7460,Intel Xeon X7460,Dunnington,130,1900,503,2660,6,,
2008,Intel,Core 2 Quad,Q9400,Intel Core 2 Quad Q9400,Yorkfield,95,456,164,2666,4,,
2010,Intel,Xeon,X7542,Intel Xeon X7542,Nehalem EX,130,,,2666,6,,
2010,Intel,Xeon,E5640,Intel Xeon E5640,Westmere-EP,80,,,2670,4,,
2009,Intel,Xeon,X5550,Intel Xeon X5550,Nehalem-EP,95,731,263,2670,4,,
2010,Intel,Celeron,E3500,Intel Celeron E3500,Wolfdale,65,,,2700,2,,
2012,Intel,Xeon,E5-2680,Intel Xeon E5-2680,Sandy Bridge EP,130,,,2700,8,,
2012,Intel,Xeon,E5-4650,Intel Xeon E5-4650,Sandy Bridge EP,130,,,2700,8,,
2009,Intel,Pentium,E5400,Intel Pentium E5400,Wolfdale,65,228,82,2700,2,,
,Intel,Celeron D,335J,Intel Celeron D 335J,Prescott,84,125,112,2800,1,,
,Intel,Celeron,336,Intel Celeron 336,Prescott,84,125,112,2800,1,,
,Intel,Celeron D,336,Intel Celeron D 336,Prescott,84,125,112,2800,1,,
,Intel,Pentium 4-M,518,Intel Pentium 4-M 518,Prescott,88,125,112,2800,1,,
,Intel,Pentium 4,520,Intel Pentium 4 520,Prescott,84,125,112,2800,1,,
,Intel,Pentium 4,521,Intel Pentium 4 521,Prescott,84,125,112,2800,1,,
,Intel,Pentium 4,620,Intel Pentium 4 620,Prescott,84,169,135,2800,1,,
,Intel,Xeon,7030,Intel Xeon 7030,Paxville,165,230,206,2800,2,,
,Intel,Pentium D,820,Intel Pentium D 820,Smithfield,95,230,206,2800,2,,
,Intel,Pentium D,915,Intel Pentium D 915,Presler,95,376,162,2800,2,,
2012,Intel,Xeon,E5-1603,Intel Xeon E5-1603,Sandy Bridge EP,130,,,2800,4,,
2010,Intel,Pentium,E5500,Intel Pentium E5500,Wolfdale,65,228,82,2800,2,,
2009,Intel,Pentium,E6300,Intel Pentium E6300,Wolfdale,65,228,82,2800,2,,
2008,Intel,Core 2 Duo,E7400,Intel Core 2 Duo E7400,Wolfdale-3M,65,420,107,2800,2,,
,Intel,Xeon,5040,Intel Xeon 5040,Dempsey,95,376,162,2830,2,,
,Intel,Core 2 Duo,E8300,Intel Core 2 Duo E8300,Wolfdale,65,410,107,2830,2,,
2009,Intel,Xeon,L3360,Intel Xeon L3360,Yorkfield,65,820,214,2830,4,,
,Intel,Core 2 Quad,Q9500,Intel Core 2 Quad Q9500,Yorkfield,95,456,164,2830,4,,
,Intel,Core 2 Quad,Q9505,Intel Core 2 Quad Q9505,Yorkfield,95,456,164,2830,4,,
,Intel,Core 2 Quad,Q9505S,Intel Core 2 Quad Q9505S,Yorkfield,65,456,164,2830,4,,
2008,Intel,Core 2 Quad,Q9550,Intel Core 2 Quad Q9550,Yorkfield,95,820,214,2830,4,,
,Intel,Core 2 Quad,Q9550S,Intel Core 2 Quad Q9550S,Yorkfield,65,820,214,2830,4,,
2008,Intel,Xeon,X3360,Intel Xeon X3360,Yorkfield,95,820,214,2830,4,,
,Intel,Xeon,X3363,Intel Xeon X3363,Yorkfield,80,820,214,2830,4,,
2012,Intel,Xeon,E5-2667,Intel Xeon E5-2667,Sandy Bridge EP,130,,,2900,6,,
2012,Intel,Xeon,E5-2690,Intel Xeon E5-2690,Sandy Bridge EP,135,,,2900,8,,
2012,Intel,Xeon,E5-4617,Intel Xeon E5-4617,Sandy Bridge EP,130,,,2900,6,,
,Intel,Celeron D,340,Intel Celeron D 340,Prescott,73,125,112,2930,1,,
,Intel,Celeron D,340J,Intel Celeron D 340J,Prescott,84,125,112,2930,1,,
2009,Intel,Pentium,E6500K,Intel Pentium E6500K,Wolfdale,65,228,82,2930,2,,
2009,Intel,Core 2 Duo,E7500,Intel Core 2 Duo E7500,Wolfdale,65,228,82,2930,2,,
2009,Intel,Core2,E7500,Intel Core2 E7500,Wolfdale,65,228,82,2930,2,,
,Intel,Core 2 Extreme,QX6800,Intel Core 2 Extreme QX6800,Kentsfield,130,582,286,2930,4,,
,Intel,Xeon,5050,Intel Xeon 5050,Dempsey,95,376,162,3000,2,,
,Intel,Pentium 4,530,Intel Pentium 4 530,Prescott,84,125,112,3000,1,,
,Intel,Pentium 4,531,Intel Pentium 4 531,Prescott,,,,3000,1,,
,Intel,Pentium 4,630,Intel Pentium 4 630,Prescott,84,169,135,3000,1,,
,Intel,Pentium 4,631,Intel Pentium 4 631,Cedar Mill,86,188,81,3000,1,,
,Intel,Xeon,7040,Intel Xeon 7040,Paxville,165,230,206,3000,2,,
,Intel,Xeon,7041,Intel Xeon 7041,Paxville,165,230,206,3000,2,,
,Intel,Xeon,7120N,Intel Xeon 7120N,Tulsa,95,1328,435,3000,2,,
,Intel,Pentium D,830,Intel Pentium D 830,Smithfield,130,230,206,3000,2,,
,Intel,Xeon,E3-1135C v2,Intel Xeon E3-1135C v2,Gladden,55,,,3000,4,,
2008,Intel,Xeon,E3110,Intel Xeon E3110,Wolfdale,65,410,107,3000,2,,
,Intel,Xeon,E3113,Intel Xeon E3113,Wolfdale,65,410,107,3000,2,,
2012,Intel,Xeon,E5-1607,Intel Xeon E5-1607,Sandy Bridge EP,130,,,3000,4,,
2012,Intel,Xeon,E5-2637,Intel Xeon E5-2637,Sandy Bridge EP,80,,,3000,2,,
2010,Intel,Pentium,E5700,Intel Pentium E5700,Wolfdale,65,228,82,3000,2,,
2008,Intel,Core 2 Duo,E8400,Intel Core 2 Duo E8400,Wolfdale,65,410,107,3000,2,,
2014,Intel,Core i7,i7-5960X,Intel Core i7 i7-5960X,Haswell E,140,,,3000,8,,
2009,Intel,Xeon,L3110,Intel Xeon L3110,Wolfdale,45,410,107,3000,2,,
2008,Intel,Xeon,L5240,Intel Xeon L5240,Wolfdale,40,410,107,3000,2,,
2008,Intel,Core 2 Quad,Q9650,Intel Core 2 Quad Q9650,Yorkfield,95,820,214,3000,4,,
,Intel,Core 2 Extreme,QX6850,Intel Core 2 Extreme QX6850,Kentsfield,130,582,286,3000,4,,
,Intel,Core 2 Extreme,QX9650,Intel Core 2 Extreme QX9650,Yorkfield,130,820,214,3000,4,,
2008,Intel,Xeon,X3370,Intel Xeon X3370,Yorkfield,95,820,214,3000,4,,
,Intel,Celeron D,345,Intel Celeron D 345,Prescott,73,125,112,3060,1,,
,Intel,Celeron D,345J,Intel Celeron D 345J,Prescott,84,125,112,3060,1,,
,Intel,Celeron,346,Intel Celeron 346,Prescott,84,125,112,3060,1,,
,Intel,Celeron D,346,Intel Celeron D 346,Prescott,84,125,112,3060,1,,
,Intel,Celeron D,347,Intel Celeron D 347,Cedar Mill,86,188,81,3060,1,,
,Intel,Celeron D,347,Intel Celeron D 347,Cedarmill,86,188,81,3060,1,,
,Intel,Pentium 4-M,532,Intel Pentium 4-M 532,Prescott,88,125,112,3060,1,,
2010,Intel,Pentium,E6600,Intel Pentium E6600,Wolfdale,65,228,82,3060,2,,
2009,Intel,Core 2 Duo,E7600,Intel Core 2 Duo E7600,Wolfdale,65,228,82,3060,2,,
2009,Intel,Core2,E7600,Intel Core2 E7600,Wolfdale,65,228,82,3060,2,,
2012,Intel,Xeon,E5-2687W,Intel Xeon E5-2687W,Sandy Bridge EP,150,,,3100,8,,
,Intel,Xeon,7130N,Intel Xeon 7130N,Tulsa,150,1328,435,3160,2,,
2008,Intel,Xeon,E3120,Intel Xeon E3120,Wolfdale,65,410,107,3160,2,,
2008,Intel,Core 2 Duo,E8500,Intel Core 2 Duo E8500,Wolfdale,65,410,107,3160,2,,
2009,Intel,Xeon,X3380,Intel Xeon X3380,Yorkfield,95,820,214,3160,4,,
,Intel,Celeron D,350,Intel Celeron D 350,Prescott,73,125,112,3200,1,,
,Intel,Celeron D,350J,Intel Celeron D 350J,Prescott,73,125,112,3200,1,,
,Intel,Celeron D,351,Intel Celeron D 351,Prescott,84,125,112,3200,1,,
,Intel,Xeon,5060,Intel Xeon 5060,Dempsey,130,376,162,3200,2,,
,Intel,Xeon,5063,Intel Xeon 5063,Dempsey,95,376,162,3200,2,,
,Intel,Pentium 4-M,538,Intel Pentium 4-M 538,Prescott,88,125,112,3200,1,,
,Intel,Pentium 4,540,Intel Pentium 4 540,Prescott,84,125,112,3200,1,,
,Intel,Pentium 4,541,Intel Pentium 4 541,Prescott,84,125,112,3200,1,,
,Intel,Pentium 4,640,Intel Pentium 4 640,Prescott,84,169,135,3200,1,,
,Intel,Pentium 4,641,Intel Pentium 4 641,Cedar Mill,86,188,81,3200,1,,
,Intel,Pentium D,840,Intel Pentium D 840,Smithfield,130,230,206,3200,2,,
,Intel,Pentium D,935,Intel Pentium D 935,Presler,95,376,162,3200,2,,
2012,Intel,Xeon,E5-1650,Intel Xeon E5-1650,Sandy Bridge EP,130,,,3200,6,,
2010,Intel,Pentium,E5800,Intel Pentium E5800,Wolfdale,65,228,82,3200,2,,
2010,Intel,Pentium,E6700,Intel Pentium E6700,Wolfdale,65,228,82,3200,2,,
,Intel,Core 2 Extreme,QX9770,Intel Core 2 Extreme QX9770,Yorkfield,136,820,214,3200,4,,
2008,Intel,Core 2 Quad Extreme,QX9770,Intel Core 2 Quad Extreme QX9770,Kentsfield,136,820,214,3200,4,,
,Intel,Core 2 Extreme,QX9775,Intel Core 2 Extreme QX9775,Yorkfield,150,820,214,3200,4,,
2012,Intel,Xeon,E5-1660,Intel Xeon E5-1660,Sandy Bridge EP,130,,,3300,6,,
2012,Intel,Xeon,E5-2643,Intel Xeon E5-2643,Sandy Bridge EP,130,,,3300,4,,
,Intel,Core i7 Extreme,i7-3960X,Intel Core i7 Extreme i7-3960X,Sandy Bridge-E,130,,,3300,6,,
2014,Intel,Core i7,i7-5820K,Intel Core i7 i7-5820K,Haswell E,140,,,3300,6,,
,Intel,Celeron D,355,Intel Celeron D 355,Prescott,84,125,112,3330,1,,
,Intel,Celeron D,356,Intel Celeron D 356,Cedar Mill,86,188,81,3330,1,,
,Intel,Pentium 4-M,548,Intel Pentium 4-M 548,Prescott,88,125,112,3330,1,,
,Intel,Xeon,7140N,Intel Xeon 7140N,Tulsa,150,1328,435,3330,2,,
2010,Intel,Pentium,E6800,Intel Pentium E6800,Wolfdale,65,228,82,3330,2,,
2008,Intel,Core 2 Duo,E8600,Intel Core 2 Duo E8600,Wolfdale,65,410,107,3330,2,,
2008,Intel,Xeon,X5470,Intel Xeon X5470,Harpertown,120,820,214,3330,4,,
,Intel,Pentium 4,550,Intel Pentium 4 550,Prescott,115,125,112,3400,1,,
,Intel,Pentium 4,550J,Intel Pentium 4 550J,Prescott,84,125,112,3400,1,,
,Intel,Pentium 4,650,Intel Pentium 4 650,Prescott,84,169,135,3400,1,,
,Intel,Pentium 4,651,Intel Pentium 4 651,Cedar Mill,,,,3400,1,,
2008,Intel,Xeon,X5492,Intel Xeon X5492,Harpertown,150,820,214,3400,4,,
,Intel,Celeron D,360,Intel Celeron D 360,Cedar Mill,65,188,81,3460,1,,
,Intel,Xeon,5070,Intel Xeon 5070,Dempsey,130,376,162,3460,2,,
,Intel,Pentium 4-M,552,Intel Pentium 4-M 552,Prescott,88,125,112,3460,1,,
,Intel,Pentium EE,955,Intel Pentium EE 955,Presler,,,,3466,2,,
,Intel,Xeon,7150N,Intel Xeon 7150N,Tulsa,150,1328,435,3500,2,,
2014,Intel,Core i7,i7-5930K,Intel Core i7 i7-5930K,Haswell E,140,,,3500,6,,
2008,Intel,Xeon,X5270,Intel Xeon X5270,Wolfdale,80,410,107,3500,2,,
,Intel,Celeron D,365,Intel Celeron D 365,Cedar Mill,65,188,81,3600,1,,
,Intel,Celeron D,365,Intel Celeron D 365,Cedarmill,65,188,81,3600,1,,
,Intel,Pentium 4,561,Intel Pentium 4 561,Prescott,115,125,112,3600,1,,
,Intel,Pentium 4,660,Intel Pentium 4 660,Prescott,115,169,135,3600,1,,
,Intel,Pentium 4,661,Intel Pentium 4 661,Cedar Mill,86,188,81,3600,1,,
,Intel,Pentium 4,662,Intel Pentium 4 662,Prescott,115,169,135,3600,1,,
2012,Intel,Xeon,E5-1620,Intel Xeon E5-1620,Sandy Bridge EP,130,,,3600,4,,
,Intel,Xeon,5080,Intel Xeon 5080,Dempsey,130,376,162,3730,2,,
,Intel,Pentium EE,965,Intel Pentium EE 965,Presler,,,,3733,2,,
,Intel,Xeon,3.80E,Intel Xeon 3.80E,Irwindale,110,169,135,3800,1,,
,Intel,Pentium 4,570,Intel Pentium 4 570,Prescott,115,125,112,3800,1,,
,Intel,Pentium 4,571,Intel Pentium 4 571,Prescott,115,125,112,3800,1,,
,Intel,Pentium 4,670,Intel Pentium 4 670,Prescott,115,169,135,3800,1,,
,Intel,Pentium 4,672,Intel Pentium 4 672,Prescott,115,169,135,3800,1,,